periodid,periodname,periodcode,perioddescription,orgunitlevel1,orgunitlevel2,orgunitlevel3,organisationunitid,organisationunitname,organisationunitcode,organisationunitdescription,Upper Respiratory Tract Infections,Respiratory Tuberculosis,Other  Dis. Of  Respiratory System,Other acute lower respiratory infections,"Ca of trachea, bronchus and lung",Total number of new cancer patients
202001,January 2020,202001,,Kenya,Siaya County,,u4t9H8XyU9P,Siaya County,KE_County_41,,30127,5,5491,5,,
202001,January 2020,202001,,Kenya,Siaya County,Alego Usonga Sub County,Cu46otDi1RO,Alego Usonga Sub County,KE_SubCounty_3203,,7787,,810,1,,
202001,January 2020,202001,,Kenya,Siaya County,Bondo Sub County,JNvqpOnKfGR,Bondo Sub County,KE_SubCounty_3201,,5089,,690,,,
202001,January 2020,202001,,Kenya,Siaya County,Gem Sub County,PKeFksHlJkB,Gem Sub County,KE_SubCounty_3202,,7100,5,1136,,,
202001,January 2020,202001,,Kenya,Siaya County,Rarieda Sub County,XcRpb1xsM64,Rarieda Sub County,KE_SubCounty_3200,,4501,,1616,4,,
202001,January 2020,202001,,Kenya,Siaya County,Ugenya Sub County,InECuIlzJGx,Ugenya Sub County,KE_SubCounty_3205,,2479,,825,,,
202001,January 2020,202001,,Kenya,Siaya County,Ugunja Sub County,m9nsQ1MXlVU,Ugunja Sub County,KE_SubCounty_3204,,3171,,414,,,
202002,February 2020,202002,,Kenya,Siaya County,,u4t9H8XyU9P,Siaya County,KE_County_41,,31788,3,5681,3,,
202002,February 2020,202002,,Kenya,Siaya County,Alego Usonga Sub County,Cu46otDi1RO,Alego Usonga Sub County,KE_SubCounty_3203,,7895,3,1047,,,
202002,February 2020,202002,,Kenya,Siaya County,Bondo Sub County,JNvqpOnKfGR,Bondo Sub County,KE_SubCounty_3201,,4588,,484,,,
202002,February 2020,202002,,Kenya,Siaya County,Gem Sub County,PKeFksHlJkB,Gem Sub County,KE_SubCounty_3202,,8632,,1117,,,
202002,February 2020,202002,,Kenya,Siaya County,Rarieda Sub County,XcRpb1xsM64,Rarieda Sub County,KE_SubCounty_3200,,4840,,1443,3,,
202002,February 2020,202002,,Kenya,Siaya County,Ugenya Sub County,InECuIlzJGx,Ugenya Sub County,KE_SubCounty_3205,,2372,,890,,,
202002,February 2020,202002,,Kenya,Siaya County,Ugunja Sub County,m9nsQ1MXlVU,Ugunja Sub County,KE_SubCounty_3204,,3461,,700,,,
202003,March 2020,202003,,Kenya,Siaya County,,u4t9H8XyU9P,Siaya County,KE_County_41,,34920,1,6705,1,,
202003,March 2020,202003,,Kenya,Siaya County,Alego Usonga Sub County,Cu46otDi1RO,Alego Usonga Sub County,KE_SubCounty_3203,,9506,1,973,1,,
202003,March 2020,202003,,Kenya,Siaya County,Bondo Sub County,JNvqpOnKfGR,Bondo Sub County,KE_SubCounty_3201,,5662,,674,,,
202003,March 2020,202003,,Kenya,Siaya County,Gem Sub County,PKeFksHlJkB,Gem Sub County,KE_SubCounty_3202,,7696,,2120,,,
202003,March 2020,202003,,Kenya,Siaya County,Rarieda Sub County,XcRpb1xsM64,Rarieda Sub County,KE_SubCounty_3200,,5163,,1457,,,
202003,March 2020,202003,,Kenya,Siaya County,Ugenya Sub County,InECuIlzJGx,Ugenya Sub County,KE_SubCounty_3205,,2899,,813,,,
202003,March 2020,202003,,Kenya,Siaya County,Ugunja Sub County,m9nsQ1MXlVU,Ugunja Sub County,KE_SubCounty_3204,,3994,,668,,,
202004,April 2020,202004,,Kenya,Siaya County,,u4t9H8XyU9P,Siaya County,KE_County_41,,18105,2,3054,1,,
202004,April 2020,202004,,Kenya,Siaya County,Alego Usonga Sub County,Cu46otDi1RO,Alego Usonga Sub County,KE_SubCounty_3203,,5258,1,530,1,,
202004,April 2020,202004,,Kenya,Siaya County,Bondo Sub County,JNvqpOnKfGR,Bondo Sub County,KE_SubCounty_3201,,2881,1,442,,,
202004,April 2020,202004,,Kenya,Siaya County,Gem Sub County,PKeFksHlJkB,Gem Sub County,KE_SubCounty_3202,,4039,,466,,,
202004,April 2020,202004,,Kenya,Siaya County,Rarieda Sub County,XcRpb1xsM64,Rarieda Sub County,KE_SubCounty_3200,,2499,,691,,,
202004,April 2020,202004,,Kenya,Siaya County,Ugenya Sub County,InECuIlzJGx,Ugenya Sub County,KE_SubCounty_3205,,1486,,465,,,
202004,April 2020,202004,,Kenya,Siaya County,Ugunja Sub County,m9nsQ1MXlVU,Ugunja Sub County,KE_SubCounty_3204,,1942,,460,,,
202005,May 2020,202005,,Kenya,Siaya County,,u4t9H8XyU9P,Siaya County,KE_County_41,,15571,4,3234,1,,
202005,May 2020,202005,,Kenya,Siaya County,Alego Usonga Sub County,Cu46otDi1RO,Alego Usonga Sub County,KE_SubCounty_3203,,4733,,595,,,
202005,May 2020,202005,,Kenya,Siaya County,Bondo Sub County,JNvqpOnKfGR,Bondo Sub County,KE_SubCounty_3201,,2053,2,601,,,
202005,May 2020,202005,,Kenya,Siaya County,Gem Sub County,PKeFksHlJkB,Gem Sub County,KE_SubCounty_3202,,3786,2,337,,,
202005,May 2020,202005,,Kenya,Siaya County,Rarieda Sub County,XcRpb1xsM64,Rarieda Sub County,KE_SubCounty_3200,,2540,,752,,,
202005,May 2020,202005,,Kenya,Siaya County,Ugenya Sub County,InECuIlzJGx,Ugenya Sub County,KE_SubCounty_3205,,937,,447,,,
202005,May 2020,202005,,Kenya,Siaya County,Ugunja Sub County,m9nsQ1MXlVU,Ugunja Sub County,KE_SubCounty_3204,,1522,,502,1,,
202006,June 2020,202006,,Kenya,Siaya County,,u4t9H8XyU9P,Siaya County,KE_County_41,,18979,2,3838,,,
202006,June 2020,202006,,Kenya,Siaya County,Alego Usonga Sub County,Cu46otDi1RO,Alego Usonga Sub County,KE_SubCounty_3203,,5617,,648,,,
202006,June 2020,202006,,Kenya,Siaya County,Bondo Sub County,JNvqpOnKfGR,Bondo Sub County,KE_SubCounty_3201,,2734,,443,,,
202006,June 2020,202006,,Kenya,Siaya County,Gem Sub County,PKeFksHlJkB,Gem Sub County,KE_SubCounty_3202,,4522,1,540,,,
202006,June 2020,202006,,Kenya,Siaya County,Rarieda Sub County,XcRpb1xsM64,Rarieda Sub County,KE_SubCounty_3200,,2933,,953,,,
202006,June 2020,202006,,Kenya,Siaya County,Ugenya Sub County,InECuIlzJGx,Ugenya Sub County,KE_SubCounty_3205,,1366,1,515,,,
202006,June 2020,202006,,Kenya,Siaya County,Ugunja Sub County,m9nsQ1MXlVU,Ugunja Sub County,KE_SubCounty_3204,,1807,,739,,,
202007,July 2020,202007,,Kenya,Siaya County,,u4t9H8XyU9P,Siaya County,KE_County_41,,19058,4,3421,10,,
202007,July 2020,202007,,Kenya,Siaya County,Alego Usonga Sub County,Cu46otDi1RO,Alego Usonga Sub County,KE_SubCounty_3203,,5737,,657,,,
202007,July 2020,202007,,Kenya,Siaya County,Bondo Sub County,JNvqpOnKfGR,Bondo Sub County,KE_SubCounty_3201,,2879,1,513,,,
202007,July 2020,202007,,Kenya,Siaya County,Gem Sub County,PKeFksHlJkB,Gem Sub County,KE_SubCounty_3202,,4365,1,563,,,
202007,July 2020,202007,,Kenya,Siaya County,Rarieda Sub County,XcRpb1xsM64,Rarieda Sub County,KE_SubCounty_3200,,3103,,969,,,
202007,July 2020,202007,,Kenya,Siaya County,Ugenya Sub County,InECuIlzJGx,Ugenya Sub County,KE_SubCounty_3205,,1528,2,406,10,,
202007,July 2020,202007,,Kenya,Siaya County,Ugunja Sub County,m9nsQ1MXlVU,Ugunja Sub County,KE_SubCounty_3204,,1446,,313,,,
202008,August 2020,202008,,Kenya,Siaya County,,u4t9H8XyU9P,Siaya County,KE_County_41,,12603,10,2314,2,,
202008,August 2020,202008,,Kenya,Siaya County,Alego Usonga Sub County,Cu46otDi1RO,Alego Usonga Sub County,KE_SubCounty_3203,,3648,,440,,,
202008,August 2020,202008,,Kenya,Siaya County,Bondo Sub County,JNvqpOnKfGR,Bondo Sub County,KE_SubCounty_3201,,2090,1,265,,,
202008,August 2020,202008,,Kenya,Siaya County,Gem Sub County,PKeFksHlJkB,Gem Sub County,KE_SubCounty_3202,,2866,2,504,,,
202008,August 2020,202008,,Kenya,Siaya County,Rarieda Sub County,XcRpb1xsM64,Rarieda Sub County,KE_SubCounty_3200,,1944,,490,,,
202008,August 2020,202008,,Kenya,Siaya County,Ugenya Sub County,InECuIlzJGx,Ugenya Sub County,KE_SubCounty_3205,,874,7,269,2,,
202008,August 2020,202008,,Kenya,Siaya County,Ugunja Sub County,m9nsQ1MXlVU,Ugunja Sub County,KE_SubCounty_3204,,1181,,346,,,
202009,September 2020,202009,,Kenya,Siaya County,,u4t9H8XyU9P,Siaya County,KE_County_41,,13302,4,2542,10,,
202009,September 2020,202009,,Kenya,Siaya County,Alego Usonga Sub County,Cu46otDi1RO,Alego Usonga Sub County,KE_SubCounty_3203,,3673,,556,,,
202009,September 2020,202009,,Kenya,Siaya County,Bondo Sub County,JNvqpOnKfGR,Bondo Sub County,KE_SubCounty_3201,,2081,1,386,,,
202009,September 2020,202009,,Kenya,Siaya County,Gem Sub County,PKeFksHlJkB,Gem Sub County,KE_SubCounty_3202,,3006,1,485,,,
202009,September 2020,202009,,Kenya,Siaya County,Rarieda Sub County,XcRpb1xsM64,Rarieda Sub County,KE_SubCounty_3200,,2095,,477,4,,
202009,September 2020,202009,,Kenya,Siaya County,Ugenya Sub County,InECuIlzJGx,Ugenya Sub County,KE_SubCounty_3205,,1152,2,235,6,,
202009,September 2020,202009,,Kenya,Siaya County,Ugunja Sub County,m9nsQ1MXlVU,Ugunja Sub County,KE_SubCounty_3204,,1295,,403,,,
202010,October 2020,202010,,Kenya,Siaya County,,u4t9H8XyU9P,Siaya County,KE_County_41,,16822,3,1651,13,,
202010,October 2020,202010,,Kenya,Siaya County,Alego Usonga Sub County,Cu46otDi1RO,Alego Usonga Sub County,KE_SubCounty_3203,,4738,,318,,,
202010,October 2020,202010,,Kenya,Siaya County,Bondo Sub County,JNvqpOnKfGR,Bondo Sub County,KE_SubCounty_3201,,2184,,219,1,,
202010,October 2020,202010,,Kenya,Siaya County,Gem Sub County,PKeFksHlJkB,Gem Sub County,KE_SubCounty_3202,,3995,2,320,,,
202010,October 2020,202010,,Kenya,Siaya County,Rarieda Sub County,XcRpb1xsM64,Rarieda Sub County,KE_SubCounty_3200,,2609,,490,,,
202010,October 2020,202010,,Kenya,Siaya County,Ugenya Sub County,InECuIlzJGx,Ugenya Sub County,KE_SubCounty_3205,,1473,1,111,9,,
202010,October 2020,202010,,Kenya,Siaya County,Ugunja Sub County,m9nsQ1MXlVU,Ugunja Sub County,KE_SubCounty_3204,,1823,,193,3,,
202011,November 2020,202011,,Kenya,Siaya County,,u4t9H8XyU9P,Siaya County,KE_County_41,,19851,8,1984,16,,
202011,November 2020,202011,,Kenya,Siaya County,Alego Usonga Sub County,Cu46otDi1RO,Alego Usonga Sub County,KE_SubCounty_3203,,5569,,518,,,
202011,November 2020,202011,,Kenya,Siaya County,Bondo Sub County,JNvqpOnKfGR,Bondo Sub County,KE_SubCounty_3201,,2615,,125,,,
202011,November 2020,202011,,Kenya,Siaya County,Gem Sub County,PKeFksHlJkB,Gem Sub County,KE_SubCounty_3202,,4631,1,291,,,
202011,November 2020,202011,,Kenya,Siaya County,Rarieda Sub County,XcRpb1xsM64,Rarieda Sub County,KE_SubCounty_3200,,3022,,541,,,
202011,November 2020,202011,,Kenya,Siaya County,Ugenya Sub County,InECuIlzJGx,Ugenya Sub County,KE_SubCounty_3205,,1981,6,141,16,,
202011,November 2020,202011,,Kenya,Siaya County,Ugunja Sub County,m9nsQ1MXlVU,Ugunja Sub County,KE_SubCounty_3204,,2033,1,368,,,
202012,December 2020,202012,,Kenya,Siaya County,,u4t9H8XyU9P,Siaya County,KE_County_41,,7067,,748,13,,
202012,December 2020,202012,,Kenya,Siaya County,Alego Usonga Sub County,Cu46otDi1RO,Alego Usonga Sub County,KE_SubCounty_3203,,1640,,110,,,
202012,December 2020,202012,,Kenya,Siaya County,Bondo Sub County,JNvqpOnKfGR,Bondo Sub County,KE_SubCounty_3201,,1076,,50,,,
202012,December 2020,202012,,Kenya,Siaya County,Gem Sub County,PKeFksHlJkB,Gem Sub County,KE_SubCounty_3202,,1737,,93,,,
202012,December 2020,202012,,Kenya,Siaya County,Rarieda Sub County,XcRpb1xsM64,Rarieda Sub County,KE_SubCounty_3200,,1182,,254,,,
202012,December 2020,202012,,Kenya,Siaya County,Ugenya Sub County,InECuIlzJGx,Ugenya Sub County,KE_SubCounty_3205,,612,,143,13,,
202012,December 2020,202012,,Kenya,Siaya County,Ugunja Sub County,m9nsQ1MXlVU,Ugunja Sub County,KE_SubCounty_3204,,820,,98,,,
202101,January 2021,202101,,Kenya,Siaya County,,u4t9H8XyU9P,Siaya County,KE_County_41,,12984,,1332,3,,
202101,January 2021,202101,,Kenya,Siaya County,Alego Usonga Sub County,Cu46otDi1RO,Alego Usonga Sub County,KE_SubCounty_3203,,3226,,96,,,
202101,January 2021,202101,,Kenya,Siaya County,Bondo Sub County,JNvqpOnKfGR,Bondo Sub County,KE_SubCounty_3201,,1980,,136,,,
202101,January 2021,202101,,Kenya,Siaya County,Gem Sub County,PKeFksHlJkB,Gem Sub County,KE_SubCounty_3202,,3093,,432,,,
202101,January 2021,202101,,Kenya,Siaya County,Rarieda Sub County,XcRpb1xsM64,Rarieda Sub County,KE_SubCounty_3200,,2164,,425,,,
202101,January 2021,202101,,Kenya,Siaya County,Ugenya Sub County,InECuIlzJGx,Ugenya Sub County,KE_SubCounty_3205,,1023,,205,3,,
202101,January 2021,202101,,Kenya,Siaya County,Ugunja Sub County,m9nsQ1MXlVU,Ugunja Sub County,KE_SubCounty_3204,,1498,,38,,,
202102,February 2021,202102,,Kenya,Siaya County,,u4t9H8XyU9P,Siaya County,KE_County_41,,24285,7,1477,17,,
202102,February 2021,202102,,Kenya,Siaya County,Alego Usonga Sub County,Cu46otDi1RO,Alego Usonga Sub County,KE_SubCounty_3203,,5671,,289,,,
202102,February 2021,202102,,Kenya,Siaya County,Bondo Sub County,JNvqpOnKfGR,Bondo Sub County,KE_SubCounty_3201,,3558,1,402,,,
202102,February 2021,202102,,Kenya,Siaya County,Gem Sub County,PKeFksHlJkB,Gem Sub County,KE_SubCounty_3202,,5784,5,191,,,
202102,February 2021,202102,,Kenya,Siaya County,Rarieda Sub County,XcRpb1xsM64,Rarieda Sub County,KE_SubCounty_3200,,3895,,284,,,
202102,February 2021,202102,,Kenya,Siaya County,Ugenya Sub County,InECuIlzJGx,Ugenya Sub County,KE_SubCounty_3205,,2154,1,117,17,,
202102,February 2021,202102,,Kenya,Siaya County,Ugunja Sub County,m9nsQ1MXlVU,Ugunja Sub County,KE_SubCounty_3204,,3223,,194,,,
202103,March 2021,202103,,Kenya,Siaya County,,u4t9H8XyU9P,Siaya County,KE_County_41,,39948,7,5034,11,,
202103,March 2021,202103,,Kenya,Siaya County,Alego Usonga Sub County,Cu46otDi1RO,Alego Usonga Sub County,KE_SubCounty_3203,,8791,4,512,5,,
202103,March 2021,202103,,Kenya,Siaya County,Bondo Sub County,JNvqpOnKfGR,Bondo Sub County,KE_SubCounty_3201,,5623,,497,,,
202103,March 2021,202103,,Kenya,Siaya County,Gem Sub County,PKeFksHlJkB,Gem Sub County,KE_SubCounty_3202,,10379,2,2968,,,
202103,March 2021,202103,,Kenya,Siaya County,Rarieda Sub County,XcRpb1xsM64,Rarieda Sub County,KE_SubCounty_3200,,5860,,598,,,
202103,March 2021,202103,,Kenya,Siaya County,Ugenya Sub County,InECuIlzJGx,Ugenya Sub County,KE_SubCounty_3205,,4869,1,222,6,,
202103,March 2021,202103,,Kenya,Siaya County,Ugunja Sub County,m9nsQ1MXlVU,Ugunja Sub County,KE_SubCounty_3204,,4426,,237,,,
202104,April 2021,202104,,Kenya,Siaya County,,u4t9H8XyU9P,Siaya County,KE_County_41,,17935,6,1558,4,,
202104,April 2021,202104,,Kenya,Siaya County,Alego Usonga Sub County,Cu46otDi1RO,Alego Usonga Sub County,KE_SubCounty_3203,,4176,2,354,,,
202104,April 2021,202104,,Kenya,Siaya County,Bondo Sub County,JNvqpOnKfGR,Bondo Sub County,KE_SubCounty_3201,,2744,,183,,,
202104,April 2021,202104,,Kenya,Siaya County,Gem Sub County,PKeFksHlJkB,Gem Sub County,KE_SubCounty_3202,,5074,,332,,,
202104,April 2021,202104,,Kenya,Siaya County,Rarieda Sub County,XcRpb1xsM64,Rarieda Sub County,KE_SubCounty_3200,,2893,,387,,,
202104,April 2021,202104,,Kenya,Siaya County,Ugenya Sub County,InECuIlzJGx,Ugenya Sub County,KE_SubCounty_3205,,1578,4,93,4,,
202104,April 2021,202104,,Kenya,Siaya County,Ugunja Sub County,m9nsQ1MXlVU,Ugunja Sub County,KE_SubCounty_3204,,1470,,209,,,
202105,May 2021,202105,,Kenya,Siaya County,,u4t9H8XyU9P,Siaya County,KE_County_41,,27115,8,1889,17,,
202105,May 2021,202105,,Kenya,Siaya County,Alego Usonga Sub County,Cu46otDi1RO,Alego Usonga Sub County,KE_SubCounty_3203,,7680,2,501,7,,
202105,May 2021,202105,,Kenya,Siaya County,Bondo Sub County,JNvqpOnKfGR,Bondo Sub County,KE_SubCounty_3201,,3772,1,240,,,
202105,May 2021,202105,,Kenya,Siaya County,Gem Sub County,PKeFksHlJkB,Gem Sub County,KE_SubCounty_3202,,7061,3,500,,,
202105,May 2021,202105,,Kenya,Siaya County,Rarieda Sub County,XcRpb1xsM64,Rarieda Sub County,KE_SubCounty_3200,,4481,,447,,,
202105,May 2021,202105,,Kenya,Siaya County,Ugenya Sub County,InECuIlzJGx,Ugenya Sub County,KE_SubCounty_3205,,2246,2,69,10,,
202105,May 2021,202105,,Kenya,Siaya County,Ugunja Sub County,m9nsQ1MXlVU,Ugunja Sub County,KE_SubCounty_3204,,1875,,132,,,
202106,June 2021,202106,,Kenya,Siaya County,,u4t9H8XyU9P,Siaya County,KE_County_41,,35405,2,2289,1,,
202106,June 2021,202106,,Kenya,Siaya County,Alego Usonga Sub County,Cu46otDi1RO,Alego Usonga Sub County,KE_SubCounty_3203,,10468,,383,,,
202106,June 2021,202106,,Kenya,Siaya County,Bondo Sub County,JNvqpOnKfGR,Bondo Sub County,KE_SubCounty_3201,,5325,1,220,,,
202106,June 2021,202106,,Kenya,Siaya County,Gem Sub County,PKeFksHlJkB,Gem Sub County,KE_SubCounty_3202,,8594,,636,,,
202106,June 2021,202106,,Kenya,Siaya County,Rarieda Sub County,XcRpb1xsM64,Rarieda Sub County,KE_SubCounty_3200,,5438,,694,,,
202106,June 2021,202106,,Kenya,Siaya County,Ugenya Sub County,InECuIlzJGx,Ugenya Sub County,KE_SubCounty_3205,,3000,,237,1,,
202106,June 2021,202106,,Kenya,Siaya County,Ugunja Sub County,m9nsQ1MXlVU,Ugunja Sub County,KE_SubCounty_3204,,2580,1,119,,,
202107,July 2021,202107,,Kenya,Siaya County,,u4t9H8XyU9P,Siaya County,KE_County_41,,24309,4,1928,16,,
202107,July 2021,202107,,Kenya,Siaya County,Alego Usonga Sub County,Cu46otDi1RO,Alego Usonga Sub County,KE_SubCounty_3203,,7007,,267,,,
202107,July 2021,202107,,Kenya,Siaya County,Bondo Sub County,JNvqpOnKfGR,Bondo Sub County,KE_SubCounty_3201,,4099,1,255,,,
202107,July 2021,202107,,Kenya,Siaya County,Gem Sub County,PKeFksHlJkB,Gem Sub County,KE_SubCounty_3202,,5373,2,406,,,
202107,July 2021,202107,,Kenya,Siaya County,Rarieda Sub County,XcRpb1xsM64,Rarieda Sub County,KE_SubCounty_3200,,3413,,633,,,
202107,July 2021,202107,,Kenya,Siaya County,Ugenya Sub County,InECuIlzJGx,Ugenya Sub County,KE_SubCounty_3205,,2260,1,154,16,,
202107,July 2021,202107,,Kenya,Siaya County,Ugunja Sub County,m9nsQ1MXlVU,Ugunja Sub County,KE_SubCounty_3204,,2157,,213,,,
202108,August 2021,202108,,Kenya,Siaya County,,u4t9H8XyU9P,Siaya County,KE_County_41,,33011,4,2479,2,,
202108,August 2021,202108,,Kenya,Siaya County,Alego Usonga Sub County,Cu46otDi1RO,Alego Usonga Sub County,KE_SubCounty_3203,,9089,,466,,,
202108,August 2021,202108,,Kenya,Siaya County,Bondo Sub County,JNvqpOnKfGR,Bondo Sub County,KE_SubCounty_3201,,5141,3,286,,,
202108,August 2021,202108,,Kenya,Siaya County,Gem Sub County,PKeFksHlJkB,Gem Sub County,KE_SubCounty_3202,,7853,,350,,,
202108,August 2021,202108,,Kenya,Siaya County,Rarieda Sub County,XcRpb1xsM64,Rarieda Sub County,KE_SubCounty_3200,,5089,1,964,1,,
202108,August 2021,202108,,Kenya,Siaya County,Ugenya Sub County,InECuIlzJGx,Ugenya Sub County,KE_SubCounty_3205,,2909,,163,1,,
202108,August 2021,202108,,Kenya,Siaya County,Ugunja Sub County,m9nsQ1MXlVU,Ugunja Sub County,KE_SubCounty_3204,,2930,,250,,,
202109,September 2021,202109,,Kenya,Siaya County,,u4t9H8XyU9P,Siaya County,KE_County_41,,38602,27,2806,3,,
202109,September 2021,202109,,Kenya,Siaya County,Alego Usonga Sub County,Cu46otDi1RO,Alego Usonga Sub County,KE_SubCounty_3203,,9929,27,375,,,
202109,September 2021,202109,,Kenya,Siaya County,Bondo Sub County,JNvqpOnKfGR,Bondo Sub County,KE_SubCounty_3201,,6018,,204,1,,
202109,September 2021,202109,,Kenya,Siaya County,Gem Sub County,PKeFksHlJkB,Gem Sub County,KE_SubCounty_3202,,9450,,297,,,
202109,September 2021,202109,,Kenya,Siaya County,Rarieda Sub County,XcRpb1xsM64,Rarieda Sub County,KE_SubCounty_3200,,5136,,1042,,,
202109,September 2021,202109,,Kenya,Siaya County,Ugenya Sub County,InECuIlzJGx,Ugenya Sub County,KE_SubCounty_3205,,3430,,183,2,,
202109,September 2021,202109,,Kenya,Siaya County,Ugunja Sub County,m9nsQ1MXlVU,Ugunja Sub County,KE_SubCounty_3204,,4639,,705,,,
202110,October 2021,202110,,Kenya,Siaya County,,u4t9H8XyU9P,Siaya County,KE_County_41,,35366,6,2822,1,,
202110,October 2021,202110,,Kenya,Siaya County,Alego Usonga Sub County,Cu46otDi1RO,Alego Usonga Sub County,KE_SubCounty_3203,,10062,1,394,,,
202110,October 2021,202110,,Kenya,Siaya County,Bondo Sub County,JNvqpOnKfGR,Bondo Sub County,KE_SubCounty_3201,,5755,5,195,,,
202110,October 2021,202110,,Kenya,Siaya County,Gem Sub County,PKeFksHlJkB,Gem Sub County,KE_SubCounty_3202,,7855,,380,,,
202110,October 2021,202110,,Kenya,Siaya County,Rarieda Sub County,XcRpb1xsM64,Rarieda Sub County,KE_SubCounty_3200,,4786,,842,,,
202110,October 2021,202110,,Kenya,Siaya County,Ugenya Sub County,InECuIlzJGx,Ugenya Sub County,KE_SubCounty_3205,,3678,,243,1,,
202110,October 2021,202110,,Kenya,Siaya County,Ugunja Sub County,m9nsQ1MXlVU,Ugunja Sub County,KE_SubCounty_3204,,3230,,768,,,
202111,November 2021,202111,,Kenya,Siaya County,,u4t9H8XyU9P,Siaya County,KE_County_41,,41357,16,2521,3,,
202111,November 2021,202111,,Kenya,Siaya County,Alego Usonga Sub County,Cu46otDi1RO,Alego Usonga Sub County,KE_SubCounty_3203,,10590,1,347,1,,
202111,November 2021,202111,,Kenya,Siaya County,Bondo Sub County,JNvqpOnKfGR,Bondo Sub County,KE_SubCounty_3201,,7712,5,108,,,
202111,November 2021,202111,,Kenya,Siaya County,Gem Sub County,PKeFksHlJkB,Gem Sub County,KE_SubCounty_3202,,9091,,450,,,
202111,November 2021,202111,,Kenya,Siaya County,Rarieda Sub County,XcRpb1xsM64,Rarieda Sub County,KE_SubCounty_3200,,6480,,971,,,
202111,November 2021,202111,,Kenya,Siaya County,Ugenya Sub County,InECuIlzJGx,Ugenya Sub County,KE_SubCounty_3205,,3667,10,190,1,,
202111,November 2021,202111,,Kenya,Siaya County,Ugunja Sub County,m9nsQ1MXlVU,Ugunja Sub County,KE_SubCounty_3204,,3817,,455,1,,
202112,December 2021,202112,,Kenya,Siaya County,,u4t9H8XyU9P,Siaya County,KE_County_41,,34343,6,2534,8,,
202112,December 2021,202112,,Kenya,Siaya County,Alego Usonga Sub County,Cu46otDi1RO,Alego Usonga Sub County,KE_SubCounty_3203,,9031,,437,2,,
202112,December 2021,202112,,Kenya,Siaya County,Bondo Sub County,JNvqpOnKfGR,Bondo Sub County,KE_SubCounty_3201,,6131,,132,,,
202112,December 2021,202112,,Kenya,Siaya County,Gem Sub County,PKeFksHlJkB,Gem Sub County,KE_SubCounty_3202,,7347,,377,,,
202112,December 2021,202112,,Kenya,Siaya County,Rarieda Sub County,XcRpb1xsM64,Rarieda Sub County,KE_SubCounty_3200,,5243,,1008,,,
202112,December 2021,202112,,Kenya,Siaya County,Ugenya Sub County,InECuIlzJGx,Ugenya Sub County,KE_SubCounty_3205,,2820,6,118,6,,
202112,December 2021,202112,,Kenya,Siaya County,Ugunja Sub County,m9nsQ1MXlVU,Ugunja Sub County,KE_SubCounty_3204,,3771,,462,,,
202201,January 2022,202201,,Kenya,Siaya County,,u4t9H8XyU9P,Siaya County,KE_County_41,,31219,3,2837,27,,
202201,January 2022,202201,,Kenya,Siaya County,Alego Usonga Sub County,Cu46otDi1RO,Alego Usonga Sub County,KE_SubCounty_3203,,9302,2,423,1,,
202201,January 2022,202201,,Kenya,Siaya County,Bondo Sub County,JNvqpOnKfGR,Bondo Sub County,KE_SubCounty_3201,,4939,,95,,,
202201,January 2022,202201,,Kenya,Siaya County,Gem Sub County,PKeFksHlJkB,Gem Sub County,KE_SubCounty_3202,,7222,,255,,,
202201,January 2022,202201,,Kenya,Siaya County,Rarieda Sub County,XcRpb1xsM64,Rarieda Sub County,KE_SubCounty_3200,,4240,,1524,,,
202201,January 2022,202201,,Kenya,Siaya County,Ugenya Sub County,InECuIlzJGx,Ugenya Sub County,KE_SubCounty_3205,,2738,1,178,26,,
202201,January 2022,202201,,Kenya,Siaya County,Ugunja Sub County,m9nsQ1MXlVU,Ugunja Sub County,KE_SubCounty_3204,,2778,,362,,,
202202,February 2022,202202,,Kenya,Siaya County,,u4t9H8XyU9P,Siaya County,KE_County_41,,23981,3,1424,5,,
202202,February 2022,202202,,Kenya,Siaya County,Alego Usonga Sub County,Cu46otDi1RO,Alego Usonga Sub County,KE_SubCounty_3203,,6528,1,210,4,,
202202,February 2022,202202,,Kenya,Siaya County,Bondo Sub County,JNvqpOnKfGR,Bondo Sub County,KE_SubCounty_3201,,3645,1,95,,,
202202,February 2022,202202,,Kenya,Siaya County,Gem Sub County,PKeFksHlJkB,Gem Sub County,KE_SubCounty_3202,,5359,,295,,,
202202,February 2022,202202,,Kenya,Siaya County,Rarieda Sub County,XcRpb1xsM64,Rarieda Sub County,KE_SubCounty_3200,,3727,,454,,,
202202,February 2022,202202,,Kenya,Siaya County,Ugenya Sub County,InECuIlzJGx,Ugenya Sub County,KE_SubCounty_3205,,2247,1,129,1,,
202202,February 2022,202202,,Kenya,Siaya County,Ugunja Sub County,m9nsQ1MXlVU,Ugunja Sub County,KE_SubCounty_3204,,2475,,241,,,
202203,March 2022,202203,,Kenya,Siaya County,,u4t9H8XyU9P,Siaya County,KE_County_41,,20187,,1319,,,
202203,March 2022,202203,,Kenya,Siaya County,Alego Usonga Sub County,Cu46otDi1RO,Alego Usonga Sub County,KE_SubCounty_3203,,5721,,205,,,
202203,March 2022,202203,,Kenya,Siaya County,Bondo Sub County,JNvqpOnKfGR,Bondo Sub County,KE_SubCounty_3201,,3183,,31,,,
202203,March 2022,202203,,Kenya,Siaya County,Gem Sub County,PKeFksHlJkB,Gem Sub County,KE_SubCounty_3202,,4097,,307,,,
202203,March 2022,202203,,Kenya,Siaya County,Rarieda Sub County,XcRpb1xsM64,Rarieda Sub County,KE_SubCounty_3200,,2887,,400,,,
202203,March 2022,202203,,Kenya,Siaya County,Ugenya Sub County,InECuIlzJGx,Ugenya Sub County,KE_SubCounty_3205,,2071,,145,,,
202203,March 2022,202203,,Kenya,Siaya County,Ugunja Sub County,m9nsQ1MXlVU,Ugunja Sub County,KE_SubCounty_3204,,2228,,231,,,
202204,April 2022,202204,,Kenya,Siaya County,,u4t9H8XyU9P,Siaya County,KE_County_41,,12057,3,1036,6,,
202204,April 2022,202204,,Kenya,Siaya County,Alego Usonga Sub County,Cu46otDi1RO,Alego Usonga Sub County,KE_SubCounty_3203,,3286,1,139,2,,
202204,April 2022,202204,,Kenya,Siaya County,Bondo Sub County,JNvqpOnKfGR,Bondo Sub County,KE_SubCounty_3201,,2073,,59,,,
202204,April 2022,202204,,Kenya,Siaya County,Gem Sub County,PKeFksHlJkB,Gem Sub County,KE_SubCounty_3202,,2726,,379,,,
202204,April 2022,202204,,Kenya,Siaya County,Rarieda Sub County,XcRpb1xsM64,Rarieda Sub County,KE_SubCounty_3200,,1430,2,164,,,
202204,April 2022,202204,,Kenya,Siaya County,Ugenya Sub County,InECuIlzJGx,Ugenya Sub County,KE_SubCounty_3205,,1261,,137,4,,
202204,April 2022,202204,,Kenya,Siaya County,Ugunja Sub County,m9nsQ1MXlVU,Ugunja Sub County,KE_SubCounty_3204,,1281,,158,,,
202205,May 2022,202205,,Kenya,Siaya County,,u4t9H8XyU9P,Siaya County,KE_County_41,,26944,4,2078,24,1,
202205,May 2022,202205,,Kenya,Siaya County,Alego Usonga Sub County,Cu46otDi1RO,Alego Usonga Sub County,KE_SubCounty_3203,,7264,,296,4,,
202205,May 2022,202205,,Kenya,Siaya County,Bondo Sub County,JNvqpOnKfGR,Bondo Sub County,KE_SubCounty_3201,,4362,1,119,,,
202205,May 2022,202205,,Kenya,Siaya County,Gem Sub County,PKeFksHlJkB,Gem Sub County,KE_SubCounty_3202,,6480,,383,,,
202205,May 2022,202205,,Kenya,Siaya County,Rarieda Sub County,XcRpb1xsM64,Rarieda Sub County,KE_SubCounty_3200,,3250,,511,,,
202205,May 2022,202205,,Kenya,Siaya County,Ugenya Sub County,InECuIlzJGx,Ugenya Sub County,KE_SubCounty_3205,,2514,,155,20,1,
202205,May 2022,202205,,Kenya,Siaya County,Ugunja Sub County,m9nsQ1MXlVU,Ugunja Sub County,KE_SubCounty_3204,,3074,3,614,,,
202206,June 2022,202206,,Kenya,Siaya County,,u4t9H8XyU9P,Siaya County,KE_County_41,,36861,4,2912,4,,
202206,June 2022,202206,,Kenya,Siaya County,Alego Usonga Sub County,Cu46otDi1RO,Alego Usonga Sub County,KE_SubCounty_3203,,8732,4,282,2,,
202206,June 2022,202206,,Kenya,Siaya County,Bondo Sub County,JNvqpOnKfGR,Bondo Sub County,KE_SubCounty_3201,,6036,,339,,,
202206,June 2022,202206,,Kenya,Siaya County,Gem Sub County,PKeFksHlJkB,Gem Sub County,KE_SubCounty_3202,,8385,,483,,,
202206,June 2022,202206,,Kenya,Siaya County,Rarieda Sub County,XcRpb1xsM64,Rarieda Sub County,KE_SubCounty_3200,,6265,,691,,,
202206,June 2022,202206,,Kenya,Siaya County,Ugenya Sub County,InECuIlzJGx,Ugenya Sub County,KE_SubCounty_3205,,3289,,578,2,,
202206,June 2022,202206,,Kenya,Siaya County,Ugunja Sub County,m9nsQ1MXlVU,Ugunja Sub County,KE_SubCounty_3204,,4154,,539,,,
202207,July 2022,202207,,Kenya,Siaya County,,u4t9H8XyU9P,Siaya County,KE_County_41,,32349,5,2651,23,,
202207,July 2022,202207,,Kenya,Siaya County,Alego Usonga Sub County,Cu46otDi1RO,Alego Usonga Sub County,KE_SubCounty_3203,,7752,1,552,3,,
202207,July 2022,202207,,Kenya,Siaya County,Bondo Sub County,JNvqpOnKfGR,Bondo Sub County,KE_SubCounty_3201,,6110,,226,5,,
202207,July 2022,202207,,Kenya,Siaya County,Gem Sub County,PKeFksHlJkB,Gem Sub County,KE_SubCounty_3202,,6929,,353,,,
202207,July 2022,202207,,Kenya,Siaya County,Rarieda Sub County,XcRpb1xsM64,Rarieda Sub County,KE_SubCounty_3200,,4690,,743,,,
202207,July 2022,202207,,Kenya,Siaya County,Ugenya Sub County,InECuIlzJGx,Ugenya Sub County,KE_SubCounty_3205,,3368,,364,15,,
202207,July 2022,202207,,Kenya,Siaya County,Ugunja Sub County,m9nsQ1MXlVU,Ugunja Sub County,KE_SubCounty_3204,,3500,4,413,,,
202208,August 2022,202208,,Kenya,Siaya County,,u4t9H8XyU9P,Siaya County,KE_County_41,,24486,11,1525,11,,23
202208,August 2022,202208,,Kenya,Siaya County,Alego Usonga Sub County,Cu46otDi1RO,Alego Usonga Sub County,KE_SubCounty_3203,,6149,,194,11,,
202208,August 2022,202208,,Kenya,Siaya County,Bondo Sub County,JNvqpOnKfGR,Bondo Sub County,KE_SubCounty_3201,,3712,1,150,,,
202208,August 2022,202208,,Kenya,Siaya County,Gem Sub County,PKeFksHlJkB,Gem Sub County,KE_SubCounty_3202,,5566,,200,,,
202208,August 2022,202208,,Kenya,Siaya County,Rarieda Sub County,XcRpb1xsM64,Rarieda Sub County,KE_SubCounty_3200,,3272,8,576,,,23
202208,August 2022,202208,,Kenya,Siaya County,Ugenya Sub County,InECuIlzJGx,Ugenya Sub County,KE_SubCounty_3205,,2912,2,198,,,
202208,August 2022,202208,,Kenya,Siaya County,Ugunja Sub County,m9nsQ1MXlVU,Ugunja Sub County,KE_SubCounty_3204,,2875,,207,,,
202209,September 2022,202209,,Kenya,Siaya County,,u4t9H8XyU9P,Siaya County,KE_County_41,,23460,2,1355,2,1,1
202209,September 2022,202209,,Kenya,Siaya County,Alego Usonga Sub County,Cu46otDi1RO,Alego Usonga Sub County,KE_SubCounty_3203,,5278,1,291,2,1,
202209,September 2022,202209,,Kenya,Siaya County,Bondo Sub County,JNvqpOnKfGR,Bondo Sub County,KE_SubCounty_3201,,4068,,85,,,
202209,September 2022,202209,,Kenya,Siaya County,Gem Sub County,PKeFksHlJkB,Gem Sub County,KE_SubCounty_3202,,6083,,176,,,
202209,September 2022,202209,,Kenya,Siaya County,Rarieda Sub County,XcRpb1xsM64,Rarieda Sub County,KE_SubCounty_3200,,3120,,484,,,1
202209,September 2022,202209,,Kenya,Siaya County,Ugenya Sub County,InECuIlzJGx,Ugenya Sub County,KE_SubCounty_3205,,2649,1,159,,,
202209,September 2022,202209,,Kenya,Siaya County,Ugunja Sub County,m9nsQ1MXlVU,Ugunja Sub County,KE_SubCounty_3204,,2262,,160,,,
202210,October 2022,202210,,Kenya,Siaya County,,u4t9H8XyU9P,Siaya County,KE_County_41,,29639,4,2164,2,,
202210,October 2022,202210,,Kenya,Siaya County,Alego Usonga Sub County,Cu46otDi1RO,Alego Usonga Sub County,KE_SubCounty_3203,,5747,1,459,2,,
202210,October 2022,202210,,Kenya,Siaya County,Bondo Sub County,JNvqpOnKfGR,Bondo Sub County,KE_SubCounty_3201,,5021,1,163,,,
202210,October 2022,202210,,Kenya,Siaya County,Gem Sub County,PKeFksHlJkB,Gem Sub County,KE_SubCounty_3202,,7627,,270,,,
202210,October 2022,202210,,Kenya,Siaya County,Rarieda Sub County,XcRpb1xsM64,Rarieda Sub County,KE_SubCounty_3200,,3880,2,619,,,
202210,October 2022,202210,,Kenya,Siaya County,Ugenya Sub County,InECuIlzJGx,Ugenya Sub County,KE_SubCounty_3205,,3040,,281,,,
202210,October 2022,202210,,Kenya,Siaya County,Ugunja Sub County,m9nsQ1MXlVU,Ugunja Sub County,KE_SubCounty_3204,,4324,,372,,,
202211,November 2022,202211,,Kenya,Siaya County,,u4t9H8XyU9P,Siaya County,KE_County_41,,31989,4,1682,12,,
202211,November 2022,202211,,Kenya,Siaya County,Alego Usonga Sub County,Cu46otDi1RO,Alego Usonga Sub County,KE_SubCounty_3203,,6453,1,203,,,
202211,November 2022,202211,,Kenya,Siaya County,Bondo Sub County,JNvqpOnKfGR,Bondo Sub County,KE_SubCounty_3201,,4950,,67,,,
202211,November 2022,202211,,Kenya,Siaya County,Gem Sub County,PKeFksHlJkB,Gem Sub County,KE_SubCounty_3202,,8698,,331,,,
202211,November 2022,202211,,Kenya,Siaya County,Rarieda Sub County,XcRpb1xsM64,Rarieda Sub County,KE_SubCounty_3200,,4552,,430,3,,
202211,November 2022,202211,,Kenya,Siaya County,Ugenya Sub County,InECuIlzJGx,Ugenya Sub County,KE_SubCounty_3205,,3666,2,374,8,,
202211,November 2022,202211,,Kenya,Siaya County,Ugunja Sub County,m9nsQ1MXlVU,Ugunja Sub County,KE_SubCounty_3204,,3670,1,277,1,,
202212,December 2022,202212,,Kenya,Siaya County,,u4t9H8XyU9P,Siaya County,KE_County_41,,20372,14,901,11,,
202212,December 2022,202212,,Kenya,Siaya County,Alego Usonga Sub County,Cu46otDi1RO,Alego Usonga Sub County,KE_SubCounty_3203,,4283,3,212,7,,
202212,December 2022,202212,,Kenya,Siaya County,Bondo Sub County,JNvqpOnKfGR,Bondo Sub County,KE_SubCounty_3201,,3516,8,72,,,
202212,December 2022,202212,,Kenya,Siaya County,Gem Sub County,PKeFksHlJkB,Gem Sub County,KE_SubCounty_3202,,5251,,208,,,
202212,December 2022,202212,,Kenya,Siaya County,Rarieda Sub County,XcRpb1xsM64,Rarieda Sub County,KE_SubCounty_3200,,2574,2,189,,,
202212,December 2022,202212,,Kenya,Siaya County,Ugenya Sub County,InECuIlzJGx,Ugenya Sub County,KE_SubCounty_3205,,2719,1,151,3,,
202212,December 2022,202212,,Kenya,Siaya County,Ugunja Sub County,m9nsQ1MXlVU,Ugunja Sub County,KE_SubCounty_3204,,2029,,69,1,,
202301,January 2023,202301,,Kenya,Siaya County,,u4t9H8XyU9P,Siaya County,KE_County_41,,25818,6,1456,7,,32
202301,January 2023,202301,,Kenya,Siaya County,Alego Usonga Sub County,Cu46otDi1RO,Alego Usonga Sub County,KE_SubCounty_3203,,5651,2,271,4,,
202301,January 2023,202301,,Kenya,Siaya County,Bondo Sub County,JNvqpOnKfGR,Bondo Sub County,KE_SubCounty_3201,,4515,4,106,3,,
202301,January 2023,202301,,Kenya,Siaya County,Gem Sub County,PKeFksHlJkB,Gem Sub County,KE_SubCounty_3202,,6590,,337,,,32
202301,January 2023,202301,,Kenya,Siaya County,Rarieda Sub County,XcRpb1xsM64,Rarieda Sub County,KE_SubCounty_3200,,3361,,309,,,
202301,January 2023,202301,,Kenya,Siaya County,Ugenya Sub County,InECuIlzJGx,Ugenya Sub County,KE_SubCounty_3205,,2982,,162,,,
202301,January 2023,202301,,Kenya,Siaya County,Ugunja Sub County,m9nsQ1MXlVU,Ugunja Sub County,KE_SubCounty_3204,,2719,,271,,,
202302,February 2023,202302,,Kenya,Siaya County,,u4t9H8XyU9P,Siaya County,KE_County_41,,32855,21,2108,7,,9
202302,February 2023,202302,,Kenya,Siaya County,Alego Usonga Sub County,Cu46otDi1RO,Alego Usonga Sub County,KE_SubCounty_3203,,7897,3,385,2,,
202302,February 2023,202302,,Kenya,Siaya County,Bondo Sub County,JNvqpOnKfGR,Bondo Sub County,KE_SubCounty_3201,,5274,15,163,1,,
202302,February 2023,202302,,Kenya,Siaya County,Gem Sub County,PKeFksHlJkB,Gem Sub County,KE_SubCounty_3202,,8164,,232,,,
202302,February 2023,202302,,Kenya,Siaya County,Rarieda Sub County,XcRpb1xsM64,Rarieda Sub County,KE_SubCounty_3200,,4747,1,668,2,,9
202302,February 2023,202302,,Kenya,Siaya County,Ugenya Sub County,InECuIlzJGx,Ugenya Sub County,KE_SubCounty_3205,,2910,2,354,,,
202302,February 2023,202302,,Kenya,Siaya County,Ugunja Sub County,m9nsQ1MXlVU,Ugunja Sub County,KE_SubCounty_3204,,3863,,306,2,,
202303,March 2023,202303,,Kenya,Siaya County,,u4t9H8XyU9P,Siaya County,KE_County_41,,36050,3,1978,5,,33
202303,March 2023,202303,,Kenya,Siaya County,Alego Usonga Sub County,Cu46otDi1RO,Alego Usonga Sub County,KE_SubCounty_3203,,7133,,404,,,
202303,March 2023,202303,,Kenya,Siaya County,Bondo Sub County,JNvqpOnKfGR,Bondo Sub County,KE_SubCounty_3201,,5515,,272,1,,
202303,March 2023,202303,,Kenya,Siaya County,Gem Sub County,PKeFksHlJkB,Gem Sub County,KE_SubCounty_3202,,8384,,497,,,
202303,March 2023,202303,,Kenya,Siaya County,Rarieda Sub County,XcRpb1xsM64,Rarieda Sub County,KE_SubCounty_3200,,4348,,256,,,33
202303,March 2023,202303,,Kenya,Siaya County,Ugenya Sub County,InECuIlzJGx,Ugenya Sub County,KE_SubCounty_3205,,3712,2,299,,,
202303,March 2023,202303,,Kenya,Siaya County,Ugunja Sub County,m9nsQ1MXlVU,Ugunja Sub County,KE_SubCounty_3204,,6958,1,250,4,,
202304,April 2023,202304,,Kenya,Siaya County,,u4t9H8XyU9P,Siaya County,KE_County_41,,27735,1,1549,7,,18
202304,April 2023,202304,,Kenya,Siaya County,Alego Usonga Sub County,Cu46otDi1RO,Alego Usonga Sub County,KE_SubCounty_3203,,5462,,187,,,
202304,April 2023,202304,,Kenya,Siaya County,Bondo Sub County,JNvqpOnKfGR,Bondo Sub County,KE_SubCounty_3201,,4800,,113,,,
202304,April 2023,202304,,Kenya,Siaya County,Gem Sub County,PKeFksHlJkB,Gem Sub County,KE_SubCounty_3202,,7265,,282,,,
202304,April 2023,202304,,Kenya,Siaya County,Rarieda Sub County,XcRpb1xsM64,Rarieda Sub County,KE_SubCounty_3200,,4032,,420,,,18
202304,April 2023,202304,,Kenya,Siaya County,Ugenya Sub County,InECuIlzJGx,Ugenya Sub County,KE_SubCounty_3205,,2674,1,331,7,,
202304,April 2023,202304,,Kenya,Siaya County,Ugunja Sub County,m9nsQ1MXlVU,Ugunja Sub County,KE_SubCounty_3204,,3502,,216,,,
202305,May 2023,202305,,Kenya,Siaya County,,u4t9H8XyU9P,Siaya County,KE_County_41,,45963,6,3239,,,57
202305,May 2023,202305,,Kenya,Siaya County,Alego Usonga Sub County,Cu46otDi1RO,Alego Usonga Sub County,KE_SubCounty_3203,,9183,,815,,,
202305,May 2023,202305,,Kenya,Siaya County,Bondo Sub County,JNvqpOnKfGR,Bondo Sub County,KE_SubCounty_3201,,7551,6,142,,,
202305,May 2023,202305,,Kenya,Siaya County,Gem Sub County,PKeFksHlJkB,Gem Sub County,KE_SubCounty_3202,,9918,,738,,,
202305,May 2023,202305,,Kenya,Siaya County,Rarieda Sub County,XcRpb1xsM64,Rarieda Sub County,KE_SubCounty_3200,,8579,,835,,,57
202305,May 2023,202305,,Kenya,Siaya County,Ugenya Sub County,InECuIlzJGx,Ugenya Sub County,KE_SubCounty_3205,,5037,,464,,,
202305,May 2023,202305,,Kenya,Siaya County,Ugunja Sub County,m9nsQ1MXlVU,Ugunja Sub County,KE_SubCounty_3204,,5695,,245,,,
202306,June 2023,202306,,Kenya,Siaya County,,u4t9H8XyU9P,Siaya County,KE_County_41,,46226,21,2507,1,,
202306,June 2023,202306,,Kenya,Siaya County,Alego Usonga Sub County,Cu46otDi1RO,Alego Usonga Sub County,KE_SubCounty_3203,,10708,,326,,,
202306,June 2023,202306,,Kenya,Siaya County,Bondo Sub County,JNvqpOnKfGR,Bondo Sub County,KE_SubCounty_3201,,7876,4,238,,,
202306,June 2023,202306,,Kenya,Siaya County,Gem Sub County,PKeFksHlJkB,Gem Sub County,KE_SubCounty_3202,,10449,,408,,,
202306,June 2023,202306,,Kenya,Siaya County,Rarieda Sub County,XcRpb1xsM64,Rarieda Sub County,KE_SubCounty_3200,,7170,17,868,,,
202306,June 2023,202306,,Kenya,Siaya County,Ugenya Sub County,InECuIlzJGx,Ugenya Sub County,KE_SubCounty_3205,,5135,,475,,,
202306,June 2023,202306,,Kenya,Siaya County,Ugunja Sub County,m9nsQ1MXlVU,Ugunja Sub County,KE_SubCounty_3204,,4888,,192,1,,
202307,July 2023,202307,,Kenya,Siaya County,,u4t9H8XyU9P,Siaya County,KE_County_41,,38842,11,2732,1,,
202307,July 2023,202307,,Kenya,Siaya County,Alego Usonga Sub County,Cu46otDi1RO,Alego Usonga Sub County,KE_SubCounty_3203,,7239,6,770,,,
202307,July 2023,202307,,Kenya,Siaya County,Bondo Sub County,JNvqpOnKfGR,Bondo Sub County,KE_SubCounty_3201,,6846,3,158,,,
202307,July 2023,202307,,Kenya,Siaya County,Gem Sub County,PKeFksHlJkB,Gem Sub County,KE_SubCounty_3202,,9174,,468,,,
202307,July 2023,202307,,Kenya,Siaya County,Rarieda Sub County,XcRpb1xsM64,Rarieda Sub County,KE_SubCounty_3200,,6947,,614,,,
202307,July 2023,202307,,Kenya,Siaya County,Ugenya Sub County,InECuIlzJGx,Ugenya Sub County,KE_SubCounty_3205,,4586,2,470,,,
202307,July 2023,202307,,Kenya,Siaya County,Ugunja Sub County,m9nsQ1MXlVU,Ugunja Sub County,KE_SubCounty_3204,,4050,,252,1,,
202308,August 2023,202308,,Kenya,Siaya County,,u4t9H8XyU9P,Siaya County,KE_County_41,,34580,24,2211,1,1,
202308,August 2023,202308,,Kenya,Siaya County,Alego Usonga Sub County,Cu46otDi1RO,Alego Usonga Sub County,KE_SubCounty_3203,,8152,9,542,,1,
202308,August 2023,202308,,Kenya,Siaya County,Bondo Sub County,JNvqpOnKfGR,Bondo Sub County,KE_SubCounty_3201,,6646,9,104,,,
202308,August 2023,202308,,Kenya,Siaya County,Gem Sub County,PKeFksHlJkB,Gem Sub County,KE_SubCounty_3202,,7059,,416,,,
202308,August 2023,202308,,Kenya,Siaya County,Rarieda Sub County,XcRpb1xsM64,Rarieda Sub County,KE_SubCounty_3200,,4831,,443,,,
202308,August 2023,202308,,Kenya,Siaya County,Ugenya Sub County,InECuIlzJGx,Ugenya Sub County,KE_SubCounty_3205,,3867,3,458,,,
202308,August 2023,202308,,Kenya,Siaya County,Ugunja Sub County,m9nsQ1MXlVU,Ugunja Sub County,KE_SubCounty_3204,,4025,3,248,1,,
202309,September 2023,202309,,Kenya,Siaya County,,u4t9H8XyU9P,Siaya County,KE_County_41,,33964,1,2021,6,2,
202309,September 2023,202309,,Kenya,Siaya County,Alego Usonga Sub County,Cu46otDi1RO,Alego Usonga Sub County,KE_SubCounty_3203,,7121,,422,,,
202309,September 2023,202309,,Kenya,Siaya County,Bondo Sub County,JNvqpOnKfGR,Bondo Sub County,KE_SubCounty_3201,,6133,,198,6,2,
202309,September 2023,202309,,Kenya,Siaya County,Gem Sub County,PKeFksHlJkB,Gem Sub County,KE_SubCounty_3202,,7213,,399,,,
202309,September 2023,202309,,Kenya,Siaya County,Rarieda Sub County,XcRpb1xsM64,Rarieda Sub County,KE_SubCounty_3200,,4993,,508,,,
202309,September 2023,202309,,Kenya,Siaya County,Ugenya Sub County,InECuIlzJGx,Ugenya Sub County,KE_SubCounty_3205,,4952,,252,,,
202309,September 2023,202309,,Kenya,Siaya County,Ugunja Sub County,m9nsQ1MXlVU,Ugunja Sub County,KE_SubCounty_3204,,3552,1,242,,,
202310,October 2023,202310,,Kenya,Siaya County,,u4t9H8XyU9P,Siaya County,KE_County_41,,30368,6,1941,1,,
202310,October 2023,202310,,Kenya,Siaya County,Alego Usonga Sub County,Cu46otDi1RO,Alego Usonga Sub County,KE_SubCounty_3203,,6872,2,520,1,,
202310,October 2023,202310,,Kenya,Siaya County,Bondo Sub County,JNvqpOnKfGR,Bondo Sub County,KE_SubCounty_3201,,5279,,110,,,
202310,October 2023,202310,,Kenya,Siaya County,Gem Sub County,PKeFksHlJkB,Gem Sub County,KE_SubCounty_3202,,6512,,282,,,
202310,October 2023,202310,,Kenya,Siaya County,Rarieda Sub County,XcRpb1xsM64,Rarieda Sub County,KE_SubCounty_3200,,4694,,605,,,
202310,October 2023,202310,,Kenya,Siaya County,Ugenya Sub County,InECuIlzJGx,Ugenya Sub County,KE_SubCounty_3205,,3528,2,111,,,
202310,October 2023,202310,,Kenya,Siaya County,Ugunja Sub County,m9nsQ1MXlVU,Ugunja Sub County,KE_SubCounty_3204,,3483,2,313,,,
202311,November 2023,202311,,Kenya,Siaya County,,u4t9H8XyU9P,Siaya County,KE_County_41,,18551,3,872,2,,
202311,November 2023,202311,,Kenya,Siaya County,Alego Usonga Sub County,Cu46otDi1RO,Alego Usonga Sub County,KE_SubCounty_3203,,1983,,25,2,,
202311,November 2023,202311,,Kenya,Siaya County,Bondo Sub County,JNvqpOnKfGR,Bondo Sub County,KE_SubCounty_3201,,3705,,87,,,
202311,November 2023,202311,,Kenya,Siaya County,Gem Sub County,PKeFksHlJkB,Gem Sub County,KE_SubCounty_3202,,4644,1,209,,,
202311,November 2023,202311,,Kenya,Siaya County,Rarieda Sub County,XcRpb1xsM64,Rarieda Sub County,KE_SubCounty_3200,,2794,,270,,,
202311,November 2023,202311,,Kenya,Siaya County,Ugenya Sub County,InECuIlzJGx,Ugenya Sub County,KE_SubCounty_3205,,2926,,148,,,
202311,November 2023,202311,,Kenya,Siaya County,Ugunja Sub County,m9nsQ1MXlVU,Ugunja Sub County,KE_SubCounty_3204,,2499,2,133,,,
202312,December 2023,202312,,Kenya,Siaya County,,u4t9H8XyU9P,Siaya County,KE_County_41,,15615,3,3044,2,1,
202312,December 2023,202312,,Kenya,Siaya County,Alego Usonga Sub County,Cu46otDi1RO,Alego Usonga Sub County,KE_SubCounty_3203,,1085,,17,,,
202312,December 2023,202312,,Kenya,Siaya County,Bondo Sub County,JNvqpOnKfGR,Bondo Sub County,KE_SubCounty_3201,,3185,1,74,2,1,
202312,December 2023,202312,,Kenya,Siaya County,Gem Sub County,PKeFksHlJkB,Gem Sub County,KE_SubCounty_3202,,3638,,2327,,,
202312,December 2023,202312,,Kenya,Siaya County,Rarieda Sub County,XcRpb1xsM64,Rarieda Sub County,KE_SubCounty_3200,,3634,,320,,,
202312,December 2023,202312,,Kenya,Siaya County,Ugenya Sub County,InECuIlzJGx,Ugenya Sub County,KE_SubCounty_3205,,2052,2,134,,,
202312,December 2023,202312,,Kenya,Siaya County,Ugunja Sub County,m9nsQ1MXlVU,Ugunja Sub County,KE_SubCounty_3204,,2021,,172,,,
