periodid,periodname,periodcode,perioddescription,organisationunitid,organisationunitname,organisationunitcode,organisationunitdescription,MOH 706_Brucella,Brucellosis
202301,January 2023,202301,,vvOK1BxTbet,Baringo County,KE_County_30,,1236,562
202301,January 2023,202301,,HMNARUV2CW4,Bomet County,KE_County_36,,248,57
202301,January 2023,202301,,KGHhQ5GLd4k,Bungoma County,KE_County_39,,3341,685
202301,January 2023,202301,,Tvf1zgVZ0K4,Busia County,KE_County_40,,622,107
202301,January 2023,202301,,MqnLxQBigG0,Elgeyo Marakwet County,KE_County_28,,1153,460
202301,January 2023,202301,,PFu8alU2KWG,Embu County,KE_County_14,,401,91
202301,January 2023,202301,,uyOrcHZBpW0,Garissa County,KE_County_7,,525,42
202301,January 2023,202301,,nK0A12Q7MvS,Homa Bay County,KE_County_43,,639,212
202301,January 2023,202301,,bzOfj0iwfDH,Isiolo County,KE_County_11,,421,98
202301,January 2023,202301,,Hsk1YV8kHkT,Kajiado County,KE_County_34,,756,86
202301,January 2023,202301,,BjC1xL40gHo,Kakamega County,KE_County_37,,788,195
202301,January 2023,202301,,ihZsJ8alvtb,Kericho County,KE_County_35,,2740,689
202301,January 2023,202301,,qKzosKQPl6G,Kiambu County,KE_County_22,,198,11
202301,January 2023,202301,,nrI2khZx3d0,Kilifi County,KE_County_3,,56,37
202301,January 2023,202301,,Ulj33KBau7V,Kirinyaga County,KE_County_20,,125,2
202301,January 2023,202301,,sPkRcDvhGWA,Kisii County,KE_County_45,,3552,641
202301,January 2023,202301,,tAbBVBbueqD,Kisumu County,KE_County_42,,617,358
202301,January 2023,202301,,j8o6iO4Njsi,Kitui County,KE_County_15,,531,188
202301,January 2023,202301,,N7YETT3A9r1,Kwale County,KE_County_2,,33,41
202301,January 2023,202301,,xuFdFy6t9AH,Laikipia County,KE_County_31,,150,43
202301,January 2023,202301,,NjWSbQTwys4,Lamu County,KE_County_5,,3,1
202301,January 2023,202301,,yhCUgGcCcOo,Machakos County,KE_County_16,,174,51
202301,January 2023,202301,,BoDytkJQ4Qi,Makueni County,KE_County_17,,203,45
202301,January 2023,202301,,R6f9znhg37c,Mandera County,KE_County_9,,250,30
202301,January 2023,202301,,Eey8fT4Im3y,Marsabit County,KE_County_10,,467,145
202301,January 2023,202301,,Y52XNJ50hYb,Meru County,KE_County_12,,99,116
202301,January 2023,202301,,fVra3Pwta0Q,Migori County,KE_County_44,,881,454
202301,January 2023,202301,,wsBsC6gjHvn,Mombasa County,KE_County_1,,30,1
202301,January 2023,202301,,ahwTMNAJvrL,Muranga County,KE_County_21,,50,26
202301,January 2023,202301,,jkG3zaihdSs,Nairobi County,KE_County_47,,840,151
202301,January 2023,202301,,ob6SxuRcqU4,Nakuru County,KE_County_32,,2060,557
202301,January 2023,202301,,t0J75eHKxz5,Nandi County,KE_County_29,,844,462
202301,January 2023,202301,,kqJ83J2D72s,Narok County,KE_County_33,,890595,534
202301,January 2023,202301,,uepLTG8wGWJ,Nyamira County,KE_County_46,,694,192
202301,January 2023,202301,,mYZacFNIB3h,Nyandarua County,KE_County_18,,573,30
202301,January 2023,202301,,ptWVfaCIdVx,Nyeri County,KE_County_19,,94,1
202301,January 2023,202301,,o36zCRjSd4G,Samburu County,KE_County_25,,230,56
202301,January 2023,202301,,u4t9H8XyU9P,Siaya County,KE_County_41,,384,71
202301,January 2023,202301,,QyGNX2DpR4h,Taita Taveta County,KE_County_6,,73,8
202301,January 2023,202301,,JsH2bnvNt2d,Tana River County,KE_County_4,,136,24
202301,January 2023,202301,,T4urHM47nlm,Tharaka Nithi County,KE_County_13,,504,66
202301,January 2023,202301,,mThvosEflAU,Trans Nzoia County,KE_County_26,,2017,449
202301,January 2023,202301,,kphDeKClFch,Turkana County,KE_County_23,,737,218
202301,January 2023,202301,,pZqQRRW7PHP,Uasin Gishu County,KE_County_27,,1439,491
202301,January 2023,202301,,sANMZ3lpqGs,Vihiga County,KE_County_38,,236,72
202301,January 2023,202301,,CeLsrJOH0g9,Wajir County,KE_County_8,,192,14
202301,January 2023,202301,,XWALbfAPa6n,West Pokot County,KE_County_24,,1663,314
202302,February 2023,202302,,vvOK1BxTbet,Baringo County,KE_County_30,,1135,384
202302,February 2023,202302,,HMNARUV2CW4,Bomet County,KE_County_36,,629,71
202302,February 2023,202302,,KGHhQ5GLd4k,Bungoma County,KE_County_39,,3200,658
202302,February 2023,202302,,Tvf1zgVZ0K4,Busia County,KE_County_40,,473,85
202302,February 2023,202302,,MqnLxQBigG0,Elgeyo Marakwet County,KE_County_28,,1467,553
202302,February 2023,202302,,PFu8alU2KWG,Embu County,KE_County_14,,545,120
202302,February 2023,202302,,uyOrcHZBpW0,Garissa County,KE_County_7,,566,175
202302,February 2023,202302,,nK0A12Q7MvS,Homa Bay County,KE_County_43,,825,263
202302,February 2023,202302,,bzOfj0iwfDH,Isiolo County,KE_County_11,,437,155
202302,February 2023,202302,,Hsk1YV8kHkT,Kajiado County,KE_County_34,,634,126
202302,February 2023,202302,,BjC1xL40gHo,Kakamega County,KE_County_37,,729,141
202302,February 2023,202302,,ihZsJ8alvtb,Kericho County,KE_County_35,,2734,704
202302,February 2023,202302,,qKzosKQPl6G,Kiambu County,KE_County_22,,210,19
202302,February 2023,202302,,nrI2khZx3d0,Kilifi County,KE_County_3,,27,19
202302,February 2023,202302,,Ulj33KBau7V,Kirinyaga County,KE_County_20,,196,2
202302,February 2023,202302,,sPkRcDvhGWA,Kisii County,KE_County_45,,3488,738
202302,February 2023,202302,,tAbBVBbueqD,Kisumu County,KE_County_42,,388,87
202302,February 2023,202302,,j8o6iO4Njsi,Kitui County,KE_County_15,,448,112
202302,February 2023,202302,,N7YETT3A9r1,Kwale County,KE_County_2,,0,11
202302,February 2023,202302,,xuFdFy6t9AH,Laikipia County,KE_County_31,,77,24
202302,February 2023,202302,,NjWSbQTwys4,Lamu County,KE_County_5,,7,
202302,February 2023,202302,,yhCUgGcCcOo,Machakos County,KE_County_16,,170,52
202302,February 2023,202302,,BoDytkJQ4Qi,Makueni County,KE_County_17,,156,46
202302,February 2023,202302,,R6f9znhg37c,Mandera County,KE_County_9,,569,68
202302,February 2023,202302,,Eey8fT4Im3y,Marsabit County,KE_County_10,,466,234
202302,February 2023,202302,,Y52XNJ50hYb,Meru County,KE_County_12,,123,65
202302,February 2023,202302,,fVra3Pwta0Q,Migori County,KE_County_44,,1187,399
202302,February 2023,202302,,wsBsC6gjHvn,Mombasa County,KE_County_1,,24,
202302,February 2023,202302,,ahwTMNAJvrL,Muranga County,KE_County_21,,42,41
202302,February 2023,202302,,jkG3zaihdSs,Nairobi County,KE_County_47,,916,767
202302,February 2023,202302,,ob6SxuRcqU4,Nakuru County,KE_County_32,,2191,499
202302,February 2023,202302,,t0J75eHKxz5,Nandi County,KE_County_29,,1264,655
202302,February 2023,202302,,kqJ83J2D72s,Narok County,KE_County_33,,1680,579
202302,February 2023,202302,,uepLTG8wGWJ,Nyamira County,KE_County_46,,715,192
202302,February 2023,202302,,mYZacFNIB3h,Nyandarua County,KE_County_18,,442,55
202302,February 2023,202302,,ptWVfaCIdVx,Nyeri County,KE_County_19,,87,1
202302,February 2023,202302,,o36zCRjSd4G,Samburu County,KE_County_25,,303,60
202302,February 2023,202302,,u4t9H8XyU9P,Siaya County,KE_County_41,,413,66
202302,February 2023,202302,,QyGNX2DpR4h,Taita Taveta County,KE_County_6,,78,5
202302,February 2023,202302,,JsH2bnvNt2d,Tana River County,KE_County_4,,132,36
202302,February 2023,202302,,T4urHM47nlm,Tharaka Nithi County,KE_County_13,,472,55
202302,February 2023,202302,,mThvosEflAU,Trans Nzoia County,KE_County_26,,1804,391
202302,February 2023,202302,,kphDeKClFch,Turkana County,KE_County_23,,747,162
202302,February 2023,202302,,pZqQRRW7PHP,Uasin Gishu County,KE_County_27,,1653,432
202302,February 2023,202302,,sANMZ3lpqGs,Vihiga County,KE_County_38,,233,69
202302,February 2023,202302,,CeLsrJOH0g9,Wajir County,KE_County_8,,323,23
202302,February 2023,202302,,XWALbfAPa6n,West Pokot County,KE_County_24,,1604,429
202303,March 2023,202303,,vvOK1BxTbet,Baringo County,KE_County_30,,1155,438
202303,March 2023,202303,,HMNARUV2CW4,Bomet County,KE_County_36,,1145,112
202303,March 2023,202303,,KGHhQ5GLd4k,Bungoma County,KE_County_39,,3370,724
202303,March 2023,202303,,Tvf1zgVZ0K4,Busia County,KE_County_40,,608,118
202303,March 2023,202303,,MqnLxQBigG0,Elgeyo Marakwet County,KE_County_28,,1275,585
202303,March 2023,202303,,PFu8alU2KWG,Embu County,KE_County_14,,476,128
202303,March 2023,202303,,uyOrcHZBpW0,Garissa County,KE_County_7,,436,86
202303,March 2023,202303,,nK0A12Q7MvS,Homa Bay County,KE_County_43,,727,200
202303,March 2023,202303,,bzOfj0iwfDH,Isiolo County,KE_County_11,,567,74
202303,March 2023,202303,,Hsk1YV8kHkT,Kajiado County,KE_County_34,,731,177
202303,March 2023,202303,,BjC1xL40gHo,Kakamega County,KE_County_37,,781,142
202303,March 2023,202303,,ihZsJ8alvtb,Kericho County,KE_County_35,,1870,643
202303,March 2023,202303,,qKzosKQPl6G,Kiambu County,KE_County_22,,113,30
202303,March 2023,202303,,nrI2khZx3d0,Kilifi County,KE_County_3,,75,4
202303,March 2023,202303,,Ulj33KBau7V,Kirinyaga County,KE_County_20,,117,7
202303,March 2023,202303,,sPkRcDvhGWA,Kisii County,KE_County_45,,3856,690
202303,March 2023,202303,,tAbBVBbueqD,Kisumu County,KE_County_42,,408,107
202303,March 2023,202303,,j8o6iO4Njsi,Kitui County,KE_County_15,,496,192
202303,March 2023,202303,,N7YETT3A9r1,Kwale County,KE_County_2,,9,8
202303,March 2023,202303,,xuFdFy6t9AH,Laikipia County,KE_County_31,,67,52
202303,March 2023,202303,,NjWSbQTwys4,Lamu County,KE_County_5,,13,7
202303,March 2023,202303,,yhCUgGcCcOo,Machakos County,KE_County_16,,124,63
202303,March 2023,202303,,BoDytkJQ4Qi,Makueni County,KE_County_17,,117,28
202303,March 2023,202303,,R6f9znhg37c,Mandera County,KE_County_9,,448,41
202303,March 2023,202303,,Eey8fT4Im3y,Marsabit County,KE_County_10,,514,196
202303,March 2023,202303,,Y52XNJ50hYb,Meru County,KE_County_12,,158,160
202303,March 2023,202303,,fVra3Pwta0Q,Migori County,KE_County_44,,1300,567
202303,March 2023,202303,,wsBsC6gjHvn,Mombasa County,KE_County_1,,16,2
202303,March 2023,202303,,ahwTMNAJvrL,Muranga County,KE_County_21,,51,8
202303,March 2023,202303,,jkG3zaihdSs,Nairobi County,KE_County_47,,784,196
202303,March 2023,202303,,ob6SxuRcqU4,Nakuru County,KE_County_32,,4588,592
202303,March 2023,202303,,t0J75eHKxz5,Nandi County,KE_County_29,,1140,480
202303,March 2023,202303,,kqJ83J2D72s,Narok County,KE_County_33,,1909,699
202303,March 2023,202303,,uepLTG8wGWJ,Nyamira County,KE_County_46,,742,129
202303,March 2023,202303,,mYZacFNIB3h,Nyandarua County,KE_County_18,,575,102
202303,March 2023,202303,,ptWVfaCIdVx,Nyeri County,KE_County_19,,92,1
202303,March 2023,202303,,o36zCRjSd4G,Samburu County,KE_County_25,,234,56
202303,March 2023,202303,,u4t9H8XyU9P,Siaya County,KE_County_41,,398,80
202303,March 2023,202303,,QyGNX2DpR4h,Taita Taveta County,KE_County_6,,117,6
202303,March 2023,202303,,JsH2bnvNt2d,Tana River County,KE_County_4,,160,60
202303,March 2023,202303,,T4urHM47nlm,Tharaka Nithi County,KE_County_13,,459,51
202303,March 2023,202303,,mThvosEflAU,Trans Nzoia County,KE_County_26,,1972,387
202303,March 2023,202303,,kphDeKClFch,Turkana County,KE_County_23,,907,247
202303,March 2023,202303,,pZqQRRW7PHP,Uasin Gishu County,KE_County_27,,1506,537
202303,March 2023,202303,,sANMZ3lpqGs,Vihiga County,KE_County_38,,268,30
202303,March 2023,202303,,CeLsrJOH0g9,Wajir County,KE_County_8,,311,14
202303,March 2023,202303,,XWALbfAPa6n,West Pokot County,KE_County_24,,1459,454
202304,April 2023,202304,,vvOK1BxTbet,Baringo County,KE_County_30,,901,353
202304,April 2023,202304,,HMNARUV2CW4,Bomet County,KE_County_36,,634,63
202304,April 2023,202304,,KGHhQ5GLd4k,Bungoma County,KE_County_39,,2382,656
202304,April 2023,202304,,Tvf1zgVZ0K4,Busia County,KE_County_40,,569,100
202304,April 2023,202304,,MqnLxQBigG0,Elgeyo Marakwet County,KE_County_28,,551,450
202304,April 2023,202304,,PFu8alU2KWG,Embu County,KE_County_14,,497,36
202304,April 2023,202304,,uyOrcHZBpW0,Garissa County,KE_County_7,,547,62
202304,April 2023,202304,,nK0A12Q7MvS,Homa Bay County,KE_County_43,,623,222
202304,April 2023,202304,,bzOfj0iwfDH,Isiolo County,KE_County_11,,253,60
202304,April 2023,202304,,Hsk1YV8kHkT,Kajiado County,KE_County_34,,642,203
202304,April 2023,202304,,BjC1xL40gHo,Kakamega County,KE_County_37,,882,187
202304,April 2023,202304,,ihZsJ8alvtb,Kericho County,KE_County_35,,2536,670
202304,April 2023,202304,,qKzosKQPl6G,Kiambu County,KE_County_22,,127,12
202304,April 2023,202304,,nrI2khZx3d0,Kilifi County,KE_County_3,,10,
202304,April 2023,202304,,Ulj33KBau7V,Kirinyaga County,KE_County_20,,107,13
202304,April 2023,202304,,sPkRcDvhGWA,Kisii County,KE_County_45,,3973,623
202304,April 2023,202304,,tAbBVBbueqD,Kisumu County,KE_County_42,,633,150
202304,April 2023,202304,,j8o6iO4Njsi,Kitui County,KE_County_15,,403,87
202304,April 2023,202304,,N7YETT3A9r1,Kwale County,KE_County_2,,5,9
202304,April 2023,202304,,xuFdFy6t9AH,Laikipia County,KE_County_31,,389,33
202304,April 2023,202304,,NjWSbQTwys4,Lamu County,KE_County_5,,1,1
202304,April 2023,202304,,yhCUgGcCcOo,Machakos County,KE_County_16,,209,19
202304,April 2023,202304,,BoDytkJQ4Qi,Makueni County,KE_County_17,,135,73
202304,April 2023,202304,,R6f9znhg37c,Mandera County,KE_County_9,,535,36
202304,April 2023,202304,,Eey8fT4Im3y,Marsabit County,KE_County_10,,367,119
202304,April 2023,202304,,Y52XNJ50hYb,Meru County,KE_County_12,,133,148
202304,April 2023,202304,,fVra3Pwta0Q,Migori County,KE_County_44,,941,522
202304,April 2023,202304,,wsBsC6gjHvn,Mombasa County,KE_County_1,,25,1
202304,April 2023,202304,,ahwTMNAJvrL,Muranga County,KE_County_21,,41,8
202304,April 2023,202304,,jkG3zaihdSs,Nairobi County,KE_County_47,,863,103
202304,April 2023,202304,,ob6SxuRcqU4,Nakuru County,KE_County_32,,2108,326
202304,April 2023,202304,,t0J75eHKxz5,Nandi County,KE_County_29,,1099,406
202304,April 2023,202304,,kqJ83J2D72s,Narok County,KE_County_33,,1598,733
202304,April 2023,202304,,uepLTG8wGWJ,Nyamira County,KE_County_46,,600,230
202304,April 2023,202304,,mYZacFNIB3h,Nyandarua County,KE_County_18,,300,44
202304,April 2023,202304,,ptWVfaCIdVx,Nyeri County,KE_County_19,,91,16
202304,April 2023,202304,,o36zCRjSd4G,Samburu County,KE_County_25,,327,24
202304,April 2023,202304,,u4t9H8XyU9P,Siaya County,KE_County_41,,500,84
202304,April 2023,202304,,QyGNX2DpR4h,Taita Taveta County,KE_County_6,,66,10
202304,April 2023,202304,,JsH2bnvNt2d,Tana River County,KE_County_4,,58,19
202304,April 2023,202304,,T4urHM47nlm,Tharaka Nithi County,KE_County_13,,427,42
202304,April 2023,202304,,mThvosEflAU,Trans Nzoia County,KE_County_26,,1954,322
202304,April 2023,202304,,kphDeKClFch,Turkana County,KE_County_23,,718,111
202304,April 2023,202304,,pZqQRRW7PHP,Uasin Gishu County,KE_County_27,,1429,610
202304,April 2023,202304,,sANMZ3lpqGs,Vihiga County,KE_County_38,,157,30
202304,April 2023,202304,,CeLsrJOH0g9,Wajir County,KE_County_8,,321,24
202304,April 2023,202304,,XWALbfAPa6n,West Pokot County,KE_County_24,,1383,302
202305,May 2023,202305,,vvOK1BxTbet,Baringo County,KE_County_30,,1368,375
202305,May 2023,202305,,HMNARUV2CW4,Bomet County,KE_County_36,,674,85
202305,May 2023,202305,,KGHhQ5GLd4k,Bungoma County,KE_County_39,,3577,681
202305,May 2023,202305,,Tvf1zgVZ0K4,Busia County,KE_County_40,,767,111
202305,May 2023,202305,,MqnLxQBigG0,Elgeyo Marakwet County,KE_County_28,,1463,519
202305,May 2023,202305,,PFu8alU2KWG,Embu County,KE_County_14,,552,84
202305,May 2023,202305,,uyOrcHZBpW0,Garissa County,KE_County_7,,553,68
202305,May 2023,202305,,nK0A12Q7MvS,Homa Bay County,KE_County_43,,1247,227
202305,May 2023,202305,,bzOfj0iwfDH,Isiolo County,KE_County_11,,276,74
202305,May 2023,202305,,Hsk1YV8kHkT,Kajiado County,KE_County_34,,719,113
202305,May 2023,202305,,BjC1xL40gHo,Kakamega County,KE_County_37,,779,105
202305,May 2023,202305,,ihZsJ8alvtb,Kericho County,KE_County_35,,2043,363
202305,May 2023,202305,,qKzosKQPl6G,Kiambu County,KE_County_22,,315,31
202305,May 2023,202305,,nrI2khZx3d0,Kilifi County,KE_County_3,,5,71
202305,May 2023,202305,,Ulj33KBau7V,Kirinyaga County,KE_County_20,,113,28
202305,May 2023,202305,,sPkRcDvhGWA,Kisii County,KE_County_45,,4499,643
202305,May 2023,202305,,tAbBVBbueqD,Kisumu County,KE_County_42,,710,139
202305,May 2023,202305,,j8o6iO4Njsi,Kitui County,KE_County_15,,464,133
202305,May 2023,202305,,N7YETT3A9r1,Kwale County,KE_County_2,,0,16
202305,May 2023,202305,,xuFdFy6t9AH,Laikipia County,KE_County_31,,114,60
202305,May 2023,202305,,NjWSbQTwys4,Lamu County,KE_County_5,,8,8
202305,May 2023,202305,,yhCUgGcCcOo,Machakos County,KE_County_16,,231,46
202305,May 2023,202305,,BoDytkJQ4Qi,Makueni County,KE_County_17,,142,37
202305,May 2023,202305,,R6f9znhg37c,Mandera County,KE_County_9,,521,33
202305,May 2023,202305,,Eey8fT4Im3y,Marsabit County,KE_County_10,,346,187
202305,May 2023,202305,,Y52XNJ50hYb,Meru County,KE_County_12,,104,129
202305,May 2023,202305,,fVra3Pwta0Q,Migori County,KE_County_44,,1397,415
202305,May 2023,202305,,wsBsC6gjHvn,Mombasa County,KE_County_1,,5,
202305,May 2023,202305,,ahwTMNAJvrL,Muranga County,KE_County_21,,27,11
202305,May 2023,202305,,jkG3zaihdSs,Nairobi County,KE_County_47,,1034,138
202305,May 2023,202305,,ob6SxuRcqU4,Nakuru County,KE_County_32,,2121,644
202305,May 2023,202305,,t0J75eHKxz5,Nandi County,KE_County_29,,1518,502
202305,May 2023,202305,,kqJ83J2D72s,Narok County,KE_County_33,,1433,686
202305,May 2023,202305,,uepLTG8wGWJ,Nyamira County,KE_County_46,,755,208
202305,May 2023,202305,,mYZacFNIB3h,Nyandarua County,KE_County_18,,304,31
202305,May 2023,202305,,ptWVfaCIdVx,Nyeri County,KE_County_19,,102,
202305,May 2023,202305,,o36zCRjSd4G,Samburu County,KE_County_25,,483,84
202305,May 2023,202305,,u4t9H8XyU9P,Siaya County,KE_County_41,,610,81
202305,May 2023,202305,,QyGNX2DpR4h,Taita Taveta County,KE_County_6,,89,15
202305,May 2023,202305,,JsH2bnvNt2d,Tana River County,KE_County_4,,136,27
202305,May 2023,202305,,T4urHM47nlm,Tharaka Nithi County,KE_County_13,,567,59
202305,May 2023,202305,,mThvosEflAU,Trans Nzoia County,KE_County_26,,2084,463
202305,May 2023,202305,,kphDeKClFch,Turkana County,KE_County_23,,994,319
202305,May 2023,202305,,pZqQRRW7PHP,Uasin Gishu County,KE_County_27,,1665,440
202305,May 2023,202305,,sANMZ3lpqGs,Vihiga County,KE_County_38,,231,77
202305,May 2023,202305,,CeLsrJOH0g9,Wajir County,KE_County_8,,605,35
202305,May 2023,202305,,XWALbfAPa6n,West Pokot County,KE_County_24,,1721,394
202306,June 2023,202306,,vvOK1BxTbet,Baringo County,KE_County_30,,1286,423
202306,June 2023,202306,,HMNARUV2CW4,Bomet County,KE_County_36,,653,100
202306,June 2023,202306,,KGHhQ5GLd4k,Bungoma County,KE_County_39,,3126,670
202306,June 2023,202306,,Tvf1zgVZ0K4,Busia County,KE_County_40,,464,116
202306,June 2023,202306,,MqnLxQBigG0,Elgeyo Marakwet County,KE_County_28,,1278,600
202306,June 2023,202306,,PFu8alU2KWG,Embu County,KE_County_14,,467,65
202306,June 2023,202306,,uyOrcHZBpW0,Garissa County,KE_County_7,,533,73
202306,June 2023,202306,,nK0A12Q7MvS,Homa Bay County,KE_County_43,,939,296
202306,June 2023,202306,,bzOfj0iwfDH,Isiolo County,KE_County_11,,282,47
202306,June 2023,202306,,Hsk1YV8kHkT,Kajiado County,KE_County_34,,819,105
202306,June 2023,202306,,BjC1xL40gHo,Kakamega County,KE_County_37,,1355,182
202306,June 2023,202306,,ihZsJ8alvtb,Kericho County,KE_County_35,,3143,802
202306,June 2023,202306,,qKzosKQPl6G,Kiambu County,KE_County_22,,170,13
202306,June 2023,202306,,nrI2khZx3d0,Kilifi County,KE_County_3,,34,44
202306,June 2023,202306,,Ulj33KBau7V,Kirinyaga County,KE_County_20,,117,18
202306,June 2023,202306,,sPkRcDvhGWA,Kisii County,KE_County_45,,3736,831
202306,June 2023,202306,,tAbBVBbueqD,Kisumu County,KE_County_42,,545,235
202306,June 2023,202306,,j8o6iO4Njsi,Kitui County,KE_County_15,,598,233
202306,June 2023,202306,,N7YETT3A9r1,Kwale County,KE_County_2,,6,13
202306,June 2023,202306,,xuFdFy6t9AH,Laikipia County,KE_County_31,,73,40
202306,June 2023,202306,,NjWSbQTwys4,Lamu County,KE_County_5,,48,3
202306,June 2023,202306,,yhCUgGcCcOo,Machakos County,KE_County_16,,205,24
202306,June 2023,202306,,BoDytkJQ4Qi,Makueni County,KE_County_17,,88,44
202306,June 2023,202306,,R6f9znhg37c,Mandera County,KE_County_9,,529,19
202306,June 2023,202306,,Eey8fT4Im3y,Marsabit County,KE_County_10,,356,204
202306,June 2023,202306,,Y52XNJ50hYb,Meru County,KE_County_12,,108,185
202306,June 2023,202306,,fVra3Pwta0Q,Migori County,KE_County_44,,1429,541
202306,June 2023,202306,,wsBsC6gjHvn,Mombasa County,KE_County_1,,186,1
202306,June 2023,202306,,ahwTMNAJvrL,Muranga County,KE_County_21,,49,17
202306,June 2023,202306,,jkG3zaihdSs,Nairobi County,KE_County_47,,773,183
202306,June 2023,202306,,ob6SxuRcqU4,Nakuru County,KE_County_32,,2644,546
202306,June 2023,202306,,t0J75eHKxz5,Nandi County,KE_County_29,,1350,530
202306,June 2023,202306,,kqJ83J2D72s,Narok County,KE_County_33,,2080,603
202306,June 2023,202306,,uepLTG8wGWJ,Nyamira County,KE_County_46,,817,187
202306,June 2023,202306,,mYZacFNIB3h,Nyandarua County,KE_County_18,,428,41
202306,June 2023,202306,,ptWVfaCIdVx,Nyeri County,KE_County_19,,192,
202306,June 2023,202306,,o36zCRjSd4G,Samburu County,KE_County_25,,463,57
202306,June 2023,202306,,u4t9H8XyU9P,Siaya County,KE_County_41,,500,105
202306,June 2023,202306,,QyGNX2DpR4h,Taita Taveta County,KE_County_6,,113,15
202306,June 2023,202306,,JsH2bnvNt2d,Tana River County,KE_County_4,,129,66
202306,June 2023,202306,,T4urHM47nlm,Tharaka Nithi County,KE_County_13,,493,61
202306,June 2023,202306,,mThvosEflAU,Trans Nzoia County,KE_County_26,,2045,484
202306,June 2023,202306,,kphDeKClFch,Turkana County,KE_County_23,,1035,291
202306,June 2023,202306,,pZqQRRW7PHP,Uasin Gishu County,KE_County_27,,1490,763
202306,June 2023,202306,,sANMZ3lpqGs,Vihiga County,KE_County_38,,225,63
202306,June 2023,202306,,CeLsrJOH0g9,Wajir County,KE_County_8,,751,61
202306,June 2023,202306,,XWALbfAPa6n,West Pokot County,KE_County_24,,4179,382
202307,July 2023,202307,,vvOK1BxTbet,Baringo County,KE_County_30,,1375,459
202307,July 2023,202307,,HMNARUV2CW4,Bomet County,KE_County_36,,948,149
202307,July 2023,202307,,KGHhQ5GLd4k,Bungoma County,KE_County_39,,3353,883
202307,July 2023,202307,,Tvf1zgVZ0K4,Busia County,KE_County_40,,500,94
202307,July 2023,202307,,MqnLxQBigG0,Elgeyo Marakwet County,KE_County_28,,1335,570
202307,July 2023,202307,,PFu8alU2KWG,Embu County,KE_County_14,,445,53
202307,July 2023,202307,,uyOrcHZBpW0,Garissa County,KE_County_7,,582,42
202307,July 2023,202307,,nK0A12Q7MvS,Homa Bay County,KE_County_43,,750,273
202307,July 2023,202307,,bzOfj0iwfDH,Isiolo County,KE_County_11,,398,79
202307,July 2023,202307,,Hsk1YV8kHkT,Kajiado County,KE_County_34,,1019,126
202307,July 2023,202307,,BjC1xL40gHo,Kakamega County,KE_County_37,,785,229
202307,July 2023,202307,,ihZsJ8alvtb,Kericho County,KE_County_35,,2857,860
202307,July 2023,202307,,qKzosKQPl6G,Kiambu County,KE_County_22,,245,2
202307,July 2023,202307,,nrI2khZx3d0,Kilifi County,KE_County_3,,81,74
202307,July 2023,202307,,Ulj33KBau7V,Kirinyaga County,KE_County_20,,89,11
202307,July 2023,202307,,sPkRcDvhGWA,Kisii County,KE_County_45,,5077,669
202307,July 2023,202307,,tAbBVBbueqD,Kisumu County,KE_County_42,,692,80
202307,July 2023,202307,,j8o6iO4Njsi,Kitui County,KE_County_15,,521,196
202307,July 2023,202307,,N7YETT3A9r1,Kwale County,KE_County_2,,0,2
202307,July 2023,202307,,xuFdFy6t9AH,Laikipia County,KE_County_31,,106,22
202307,July 2023,202307,,NjWSbQTwys4,Lamu County,KE_County_5,,14,3
202307,July 2023,202307,,yhCUgGcCcOo,Machakos County,KE_County_16,,199,39
202307,July 2023,202307,,BoDytkJQ4Qi,Makueni County,KE_County_17,,49,26
202307,July 2023,202307,,R6f9znhg37c,Mandera County,KE_County_9,,822,38
202307,July 2023,202307,,Eey8fT4Im3y,Marsabit County,KE_County_10,,633,206
202307,July 2023,202307,,Y52XNJ50hYb,Meru County,KE_County_12,,164,133
202307,July 2023,202307,,fVra3Pwta0Q,Migori County,KE_County_44,,1610,510
202307,July 2023,202307,,wsBsC6gjHvn,Mombasa County,KE_County_1,,11,
202307,July 2023,202307,,ahwTMNAJvrL,Muranga County,KE_County_21,,27,9
202307,July 2023,202307,,jkG3zaihdSs,Nairobi County,KE_County_47,,799,155
202307,July 2023,202307,,ob6SxuRcqU4,Nakuru County,KE_County_32,,2664,570
202307,July 2023,202307,,t0J75eHKxz5,Nandi County,KE_County_29,,1422,563
202307,July 2023,202307,,kqJ83J2D72s,Narok County,KE_County_33,,2408,744
202307,July 2023,202307,,uepLTG8wGWJ,Nyamira County,KE_County_46,,790,259
202307,July 2023,202307,,mYZacFNIB3h,Nyandarua County,KE_County_18,,547,36
202307,July 2023,202307,,ptWVfaCIdVx,Nyeri County,KE_County_19,,118,4
202307,July 2023,202307,,o36zCRjSd4G,Samburu County,KE_County_25,,299,65
202307,July 2023,202307,,u4t9H8XyU9P,Siaya County,KE_County_41,,540,61
202307,July 2023,202307,,QyGNX2DpR4h,Taita Taveta County,KE_County_6,,108,11
202307,July 2023,202307,,JsH2bnvNt2d,Tana River County,KE_County_4,,135,21
202307,July 2023,202307,,T4urHM47nlm,Tharaka Nithi County,KE_County_13,,513,49
202307,July 2023,202307,,mThvosEflAU,Trans Nzoia County,KE_County_26,,1797,364
202307,July 2023,202307,,kphDeKClFch,Turkana County,KE_County_23,,1173,183
202307,July 2023,202307,,pZqQRRW7PHP,Uasin Gishu County,KE_County_27,,2011,605
202307,July 2023,202307,,sANMZ3lpqGs,Vihiga County,KE_County_38,,413,131
202307,July 2023,202307,,CeLsrJOH0g9,Wajir County,KE_County_8,,658,84
202307,July 2023,202307,,XWALbfAPa6n,West Pokot County,KE_County_24,,2034,406
202308,August 2023,202308,,vvOK1BxTbet,Baringo County,KE_County_30,,1022,417
202308,August 2023,202308,,HMNARUV2CW4,Bomet County,KE_County_36,,784,158
202308,August 2023,202308,,KGHhQ5GLd4k,Bungoma County,KE_County_39,,3170,629
202308,August 2023,202308,,Tvf1zgVZ0K4,Busia County,KE_County_40,,554,104
202308,August 2023,202308,,MqnLxQBigG0,Elgeyo Marakwet County,KE_County_28,,1766,671
202308,August 2023,202308,,PFu8alU2KWG,Embu County,KE_County_14,,458,85
202308,August 2023,202308,,uyOrcHZBpW0,Garissa County,KE_County_7,,553,87
202308,August 2023,202308,,nK0A12Q7MvS,Homa Bay County,KE_County_43,,584,302
202308,August 2023,202308,,bzOfj0iwfDH,Isiolo County,KE_County_11,,270,76
202308,August 2023,202308,,Hsk1YV8kHkT,Kajiado County,KE_County_34,,751,120
202308,August 2023,202308,,BjC1xL40gHo,Kakamega County,KE_County_37,,838,252
202308,August 2023,202308,,ihZsJ8alvtb,Kericho County,KE_County_35,,2868,608
202308,August 2023,202308,,qKzosKQPl6G,Kiambu County,KE_County_22,,126,18
202308,August 2023,202308,,nrI2khZx3d0,Kilifi County,KE_County_3,,45,24
202308,August 2023,202308,,Ulj33KBau7V,Kirinyaga County,KE_County_20,,79,6
202308,August 2023,202308,,sPkRcDvhGWA,Kisii County,KE_County_45,,3575,697
202308,August 2023,202308,,tAbBVBbueqD,Kisumu County,KE_County_42,,661,117
202308,August 2023,202308,,j8o6iO4Njsi,Kitui County,KE_County_15,,486,165
202308,August 2023,202308,,N7YETT3A9r1,Kwale County,KE_County_2,,13,16
202308,August 2023,202308,,xuFdFy6t9AH,Laikipia County,KE_County_31,,476,28
202308,August 2023,202308,,NjWSbQTwys4,Lamu County,KE_County_5,,,2
202308,August 2023,202308,,yhCUgGcCcOo,Machakos County,KE_County_16,,294,47
202308,August 2023,202308,,BoDytkJQ4Qi,Makueni County,KE_County_17,,41,74
202308,August 2023,202308,,R6f9znhg37c,Mandera County,KE_County_9,,622,43
202308,August 2023,202308,,Eey8fT4Im3y,Marsabit County,KE_County_10,,590,166
202308,August 2023,202308,,Y52XNJ50hYb,Meru County,KE_County_12,,170,45
202308,August 2023,202308,,fVra3Pwta0Q,Migori County,KE_County_44,,1491,386
202308,August 2023,202308,,wsBsC6gjHvn,Mombasa County,KE_County_1,,17,2
202308,August 2023,202308,,ahwTMNAJvrL,Muranga County,KE_County_21,,28,9
202308,August 2023,202308,,jkG3zaihdSs,Nairobi County,KE_County_47,,750,117
202308,August 2023,202308,,ob6SxuRcqU4,Nakuru County,KE_County_32,,2555,460
202308,August 2023,202308,,t0J75eHKxz5,Nandi County,KE_County_29,,1223,519
202308,August 2023,202308,,kqJ83J2D72s,Narok County,KE_County_33,,2351,940
202308,August 2023,202308,,uepLTG8wGWJ,Nyamira County,KE_County_46,,1017,202
202308,August 2023,202308,,mYZacFNIB3h,Nyandarua County,KE_County_18,,362,35
202308,August 2023,202308,,ptWVfaCIdVx,Nyeri County,KE_County_19,,223,12
202308,August 2023,202308,,o36zCRjSd4G,Samburu County,KE_County_25,,368,66
202308,August 2023,202308,,u4t9H8XyU9P,Siaya County,KE_County_41,,405,93
202308,August 2023,202308,,QyGNX2DpR4h,Taita Taveta County,KE_County_6,,112,17
202308,August 2023,202308,,JsH2bnvNt2d,Tana River County,KE_County_4,,112,39
202308,August 2023,202308,,T4urHM47nlm,Tharaka Nithi County,KE_County_13,,465,59
202308,August 2023,202308,,mThvosEflAU,Trans Nzoia County,KE_County_26,,1567,337
202308,August 2023,202308,,kphDeKClFch,Turkana County,KE_County_23,,1049,225
202308,August 2023,202308,,pZqQRRW7PHP,Uasin Gishu County,KE_County_27,,1878,380
202308,August 2023,202308,,sANMZ3lpqGs,Vihiga County,KE_County_38,,263,132
202308,August 2023,202308,,CeLsrJOH0g9,Wajir County,KE_County_8,,686,57
202308,August 2023,202308,,XWALbfAPa6n,West Pokot County,KE_County_24,,2225,486
202309,September 2023,202309,,vvOK1BxTbet,Baringo County,KE_County_30,,1297,345
202309,September 2023,202309,,HMNARUV2CW4,Bomet County,KE_County_36,,806,159
202309,September 2023,202309,,KGHhQ5GLd4k,Bungoma County,KE_County_39,,2874,563
202309,September 2023,202309,,Tvf1zgVZ0K4,Busia County,KE_County_40,,469,83
202309,September 2023,202309,,MqnLxQBigG0,Elgeyo Marakwet County,KE_County_28,,1243,648
202309,September 2023,202309,,PFu8alU2KWG,Embu County,KE_County_14,,575,64
202309,September 2023,202309,,uyOrcHZBpW0,Garissa County,KE_County_7,,671,121
202309,September 2023,202309,,nK0A12Q7MvS,Homa Bay County,KE_County_43,,760,221
202309,September 2023,202309,,bzOfj0iwfDH,Isiolo County,KE_County_11,,392,117
202309,September 2023,202309,,Hsk1YV8kHkT,Kajiado County,KE_County_34,,837,115
202309,September 2023,202309,,BjC1xL40gHo,Kakamega County,KE_County_37,,563,123
202309,September 2023,202309,,ihZsJ8alvtb,Kericho County,KE_County_35,,2771,678
202309,September 2023,202309,,qKzosKQPl6G,Kiambu County,KE_County_22,,117,9
202309,September 2023,202309,,nrI2khZx3d0,Kilifi County,KE_County_3,,15,38
202309,September 2023,202309,,Ulj33KBau7V,Kirinyaga County,KE_County_20,,98,9
202309,September 2023,202309,,sPkRcDvhGWA,Kisii County,KE_County_45,,3527,870
202309,September 2023,202309,,tAbBVBbueqD,Kisumu County,KE_County_42,,578,126
202309,September 2023,202309,,j8o6iO4Njsi,Kitui County,KE_County_15,,519,194
202309,September 2023,202309,,N7YETT3A9r1,Kwale County,KE_County_2,,21,1
202309,September 2023,202309,,xuFdFy6t9AH,Laikipia County,KE_County_31,,112,21
202309,September 2023,202309,,NjWSbQTwys4,Lamu County,KE_County_5,,4,1
202309,September 2023,202309,,yhCUgGcCcOo,Machakos County,KE_County_16,,141,38
202309,September 2023,202309,,BoDytkJQ4Qi,Makueni County,KE_County_17,,107,39
202309,September 2023,202309,,R6f9znhg37c,Mandera County,KE_County_9,,825,23
202309,September 2023,202309,,Eey8fT4Im3y,Marsabit County,KE_County_10,,661,175
202309,September 2023,202309,,Y52XNJ50hYb,Meru County,KE_County_12,,140,43
202309,September 2023,202309,,fVra3Pwta0Q,Migori County,KE_County_44,,1266,460
202309,September 2023,202309,,wsBsC6gjHvn,Mombasa County,KE_County_1,,12,
202309,September 2023,202309,,ahwTMNAJvrL,Muranga County,KE_County_21,,22,12
202309,September 2023,202309,,jkG3zaihdSs,Nairobi County,KE_County_47,,780,267
202309,September 2023,202309,,ob6SxuRcqU4,Nakuru County,KE_County_32,,1990,637
202309,September 2023,202309,,t0J75eHKxz5,Nandi County,KE_County_29,,841,512
202309,September 2023,202309,,kqJ83J2D72s,Narok County,KE_County_33,,2150,709
202309,September 2023,202309,,uepLTG8wGWJ,Nyamira County,KE_County_46,,706,302
202309,September 2023,202309,,mYZacFNIB3h,Nyandarua County,KE_County_18,,443,28
202309,September 2023,202309,,ptWVfaCIdVx,Nyeri County,KE_County_19,,179,2
202309,September 2023,202309,,o36zCRjSd4G,Samburu County,KE_County_25,,429,117
202309,September 2023,202309,,u4t9H8XyU9P,Siaya County,KE_County_41,,367,78
202309,September 2023,202309,,QyGNX2DpR4h,Taita Taveta County,KE_County_6,,112,37
202309,September 2023,202309,,JsH2bnvNt2d,Tana River County,KE_County_4,,75,26
202309,September 2023,202309,,T4urHM47nlm,Tharaka Nithi County,KE_County_13,,362,56
202309,September 2023,202309,,mThvosEflAU,Trans Nzoia County,KE_County_26,,1849,505
202309,September 2023,202309,,kphDeKClFch,Turkana County,KE_County_23,,775,248
202309,September 2023,202309,,pZqQRRW7PHP,Uasin Gishu County,KE_County_27,,1490,420
202309,September 2023,202309,,sANMZ3lpqGs,Vihiga County,KE_County_38,,231,73
202309,September 2023,202309,,CeLsrJOH0g9,Wajir County,KE_County_8,,603,59
202309,September 2023,202309,,XWALbfAPa6n,West Pokot County,KE_County_24,,1316,227
202310,October 2023,202310,,vvOK1BxTbet,Baringo County,KE_County_30,,1231,377
202310,October 2023,202310,,HMNARUV2CW4,Bomet County,KE_County_36,,784,99
202310,October 2023,202310,,KGHhQ5GLd4k,Bungoma County,KE_County_39,,2906,622
202310,October 2023,202310,,Tvf1zgVZ0K4,Busia County,KE_County_40,,504,83
202310,October 2023,202310,,MqnLxQBigG0,Elgeyo Marakwet County,KE_County_28,,1408,679
202310,October 2023,202310,,PFu8alU2KWG,Embu County,KE_County_14,,390,54
202310,October 2023,202310,,uyOrcHZBpW0,Garissa County,KE_County_7,,640,88
202310,October 2023,202310,,nK0A12Q7MvS,Homa Bay County,KE_County_43,,822,201
202310,October 2023,202310,,bzOfj0iwfDH,Isiolo County,KE_County_11,,322,100
202310,October 2023,202310,,Hsk1YV8kHkT,Kajiado County,KE_County_34,,768,103
202310,October 2023,202310,,BjC1xL40gHo,Kakamega County,KE_County_37,,944,150
202310,October 2023,202310,,ihZsJ8alvtb,Kericho County,KE_County_35,,2547,444
202310,October 2023,202310,,qKzosKQPl6G,Kiambu County,KE_County_22,,129,29
202310,October 2023,202310,,nrI2khZx3d0,Kilifi County,KE_County_3,,11,38
202310,October 2023,202310,,Ulj33KBau7V,Kirinyaga County,KE_County_20,,177,3
202310,October 2023,202310,,sPkRcDvhGWA,Kisii County,KE_County_45,,4250,730
202310,October 2023,202310,,tAbBVBbueqD,Kisumu County,KE_County_42,,546,85
202310,October 2023,202310,,j8o6iO4Njsi,Kitui County,KE_County_15,,639,164
202310,October 2023,202310,,N7YETT3A9r1,Kwale County,KE_County_2,,16,5
202310,October 2023,202310,,xuFdFy6t9AH,Laikipia County,KE_County_31,,88,35
202310,October 2023,202310,,NjWSbQTwys4,Lamu County,KE_County_5,,11,
202310,October 2023,202310,,yhCUgGcCcOo,Machakos County,KE_County_16,,97,24
202310,October 2023,202310,,BoDytkJQ4Qi,Makueni County,KE_County_17,,50,90
202310,October 2023,202310,,R6f9znhg37c,Mandera County,KE_County_9,,628,23
202310,October 2023,202310,,Eey8fT4Im3y,Marsabit County,KE_County_10,,636,138
202310,October 2023,202310,,Y52XNJ50hYb,Meru County,KE_County_12,,230,67
202310,October 2023,202310,,fVra3Pwta0Q,Migori County,KE_County_44,,1578,421
202310,October 2023,202310,,wsBsC6gjHvn,Mombasa County,KE_County_1,,7,4
202310,October 2023,202310,,ahwTMNAJvrL,Muranga County,KE_County_21,,47,3
202310,October 2023,202310,,jkG3zaihdSs,Nairobi County,KE_County_47,,1056,105
202310,October 2023,202310,,ob6SxuRcqU4,Nakuru County,KE_County_32,,2605,646
202310,October 2023,202310,,t0J75eHKxz5,Nandi County,KE_County_29,,1241,498
202310,October 2023,202310,,kqJ83J2D72s,Narok County,KE_County_33,,2452,783
202310,October 2023,202310,,uepLTG8wGWJ,Nyamira County,KE_County_46,,654,339
202310,October 2023,202310,,mYZacFNIB3h,Nyandarua County,KE_County_18,,428,24
202310,October 2023,202310,,ptWVfaCIdVx,Nyeri County,KE_County_19,,137,10
202310,October 2023,202310,,o36zCRjSd4G,Samburu County,KE_County_25,,252,126
202310,October 2023,202310,,u4t9H8XyU9P,Siaya County,KE_County_41,,351,54
202310,October 2023,202310,,QyGNX2DpR4h,Taita Taveta County,KE_County_6,,79,12
202310,October 2023,202310,,JsH2bnvNt2d,Tana River County,KE_County_4,,128,37
202310,October 2023,202310,,T4urHM47nlm,Tharaka Nithi County,KE_County_13,,319,28
202310,October 2023,202310,,mThvosEflAU,Trans Nzoia County,KE_County_26,,2620,389
202310,October 2023,202310,,kphDeKClFch,Turkana County,KE_County_23,,804,209
202310,October 2023,202310,,pZqQRRW7PHP,Uasin Gishu County,KE_County_27,,2059,577
202310,October 2023,202310,,sANMZ3lpqGs,Vihiga County,KE_County_38,,209,76
202310,October 2023,202310,,CeLsrJOH0g9,Wajir County,KE_County_8,,377,67
202310,October 2023,202310,,XWALbfAPa6n,West Pokot County,KE_County_24,,1788,262
202311,November 2023,202311,,vvOK1BxTbet,Baringo County,KE_County_30,,965,390
202311,November 2023,202311,,HMNARUV2CW4,Bomet County,KE_County_36,,674,88
202311,November 2023,202311,,KGHhQ5GLd4k,Bungoma County,KE_County_39,,2722,698
202311,November 2023,202311,,Tvf1zgVZ0K4,Busia County,KE_County_40,,390,98
202311,November 2023,202311,,MqnLxQBigG0,Elgeyo Marakwet County,KE_County_28,,914,620
202311,November 2023,202311,,PFu8alU2KWG,Embu County,KE_County_14,,298,26
202311,November 2023,202311,,uyOrcHZBpW0,Garissa County,KE_County_7,,547,93
202311,November 2023,202311,,nK0A12Q7MvS,Homa Bay County,KE_County_43,,1015,173
202311,November 2023,202311,,bzOfj0iwfDH,Isiolo County,KE_County_11,,197,39
202311,November 2023,202311,,Hsk1YV8kHkT,Kajiado County,KE_County_34,,663,113
202311,November 2023,202311,,BjC1xL40gHo,Kakamega County,KE_County_37,,600,155
202311,November 2023,202311,,ihZsJ8alvtb,Kericho County,KE_County_35,,2407,910
202311,November 2023,202311,,qKzosKQPl6G,Kiambu County,KE_County_22,,266,52
202311,November 2023,202311,,nrI2khZx3d0,Kilifi County,KE_County_3,,23,57
202311,November 2023,202311,,Ulj33KBau7V,Kirinyaga County,KE_County_20,,96,8
202311,November 2023,202311,,sPkRcDvhGWA,Kisii County,KE_County_45,,3854,641
202311,November 2023,202311,,tAbBVBbueqD,Kisumu County,KE_County_42,,474,58
202311,November 2023,202311,,j8o6iO4Njsi,Kitui County,KE_County_15,,326,91
202311,November 2023,202311,,N7YETT3A9r1,Kwale County,KE_County_2,,16,13
202311,November 2023,202311,,xuFdFy6t9AH,Laikipia County,KE_County_31,,791,36
202311,November 2023,202311,,NjWSbQTwys4,Lamu County,KE_County_5,,15,
202311,November 2023,202311,,yhCUgGcCcOo,Machakos County,KE_County_16,,128,22
202311,November 2023,202311,,BoDytkJQ4Qi,Makueni County,KE_County_17,,91,13
202311,November 2023,202311,,R6f9znhg37c,Mandera County,KE_County_9,,402,45
202311,November 2023,202311,,Eey8fT4Im3y,Marsabit County,KE_County_10,,698,170
202311,November 2023,202311,,Y52XNJ50hYb,Meru County,KE_County_12,,192,46
202311,November 2023,202311,,fVra3Pwta0Q,Migori County,KE_County_44,,1427,457
202311,November 2023,202311,,wsBsC6gjHvn,Mombasa County,KE_County_1,,26,6
202311,November 2023,202311,,ahwTMNAJvrL,Muranga County,KE_County_21,,37,28
202311,November 2023,202311,,jkG3zaihdSs,Nairobi County,KE_County_47,,1479,128
202311,November 2023,202311,,ob6SxuRcqU4,Nakuru County,KE_County_32,,2139,372
202311,November 2023,202311,,t0J75eHKxz5,Nandi County,KE_County_29,,1043,271
202311,November 2023,202311,,kqJ83J2D72s,Narok County,KE_County_33,,2121,802
202311,November 2023,202311,,uepLTG8wGWJ,Nyamira County,KE_County_46,,601,179
202311,November 2023,202311,,mYZacFNIB3h,Nyandarua County,KE_County_18,,339,33
202311,November 2023,202311,,ptWVfaCIdVx,Nyeri County,KE_County_19,,129,
202311,November 2023,202311,,o36zCRjSd4G,Samburu County,KE_County_25,,287,56
202311,November 2023,202311,,u4t9H8XyU9P,Siaya County,KE_County_41,,312,2192
202311,November 2023,202311,,QyGNX2DpR4h,Taita Taveta County,KE_County_6,,53,3
202311,November 2023,202311,,JsH2bnvNt2d,Tana River County,KE_County_4,,107,26
202311,November 2023,202311,,T4urHM47nlm,Tharaka Nithi County,KE_County_13,,475,46
202311,November 2023,202311,,mThvosEflAU,Trans Nzoia County,KE_County_26,,2085,357
202311,November 2023,202311,,kphDeKClFch,Turkana County,KE_County_23,,705,196
202311,November 2023,202311,,pZqQRRW7PHP,Uasin Gishu County,KE_County_27,,1582,488
202311,November 2023,202311,,sANMZ3lpqGs,Vihiga County,KE_County_38,,156,109
202311,November 2023,202311,,CeLsrJOH0g9,Wajir County,KE_County_8,,254,55
202311,November 2023,202311,,XWALbfAPa6n,West Pokot County,KE_County_24,,1396,259
202312,December 2023,202312,,vvOK1BxTbet,Baringo County,KE_County_30,,677,232
202312,December 2023,202312,,HMNARUV2CW4,Bomet County,KE_County_36,,684,82
202312,December 2023,202312,,KGHhQ5GLd4k,Bungoma County,KE_County_39,,2632,970
202312,December 2023,202312,,Tvf1zgVZ0K4,Busia County,KE_County_40,,570,115
202312,December 2023,202312,,MqnLxQBigG0,Elgeyo Marakwet County,KE_County_28,,1056,509
202312,December 2023,202312,,PFu8alU2KWG,Embu County,KE_County_14,,420,30
202312,December 2023,202312,,uyOrcHZBpW0,Garissa County,KE_County_7,,673,63
202312,December 2023,202312,,nK0A12Q7MvS,Homa Bay County,KE_County_43,,882,167
202312,December 2023,202312,,bzOfj0iwfDH,Isiolo County,KE_County_11,,646,53
202312,December 2023,202312,,Hsk1YV8kHkT,Kajiado County,KE_County_34,,752,95
202312,December 2023,202312,,BjC1xL40gHo,Kakamega County,KE_County_37,,559,140
202312,December 2023,202312,,ihZsJ8alvtb,Kericho County,KE_County_35,,2486,577
202312,December 2023,202312,,qKzosKQPl6G,Kiambu County,KE_County_22,,186,16
202312,December 2023,202312,,nrI2khZx3d0,Kilifi County,KE_County_3,,63,37
202312,December 2023,202312,,Ulj33KBau7V,Kirinyaga County,KE_County_20,,68,15
202312,December 2023,202312,,sPkRcDvhGWA,Kisii County,KE_County_45,,3488,622
202312,December 2023,202312,,tAbBVBbueqD,Kisumu County,KE_County_42,,564,65
202312,December 2023,202312,,j8o6iO4Njsi,Kitui County,KE_County_15,,352,198
202312,December 2023,202312,,N7YETT3A9r1,Kwale County,KE_County_2,,3,
202312,December 2023,202312,,xuFdFy6t9AH,Laikipia County,KE_County_31,,411,35
202312,December 2023,202312,,NjWSbQTwys4,Lamu County,KE_County_5,,4,3
202312,December 2023,202312,,yhCUgGcCcOo,Machakos County,KE_County_16,,89,26
202312,December 2023,202312,,BoDytkJQ4Qi,Makueni County,KE_County_17,,71,26
202312,December 2023,202312,,R6f9znhg37c,Mandera County,KE_County_9,,404,80
202312,December 2023,202312,,Eey8fT4Im3y,Marsabit County,KE_County_10,,766,169
202312,December 2023,202312,,Y52XNJ50hYb,Meru County,KE_County_12,,195,33
202312,December 2023,202312,,fVra3Pwta0Q,Migori County,KE_County_44,,1383,414
202312,December 2023,202312,,wsBsC6gjHvn,Mombasa County,KE_County_1,,18,
202312,December 2023,202312,,ahwTMNAJvrL,Muranga County,KE_County_21,,36,16
202312,December 2023,202312,,jkG3zaihdSs,Nairobi County,KE_County_47,,721,76
202312,December 2023,202312,,ob6SxuRcqU4,Nakuru County,KE_County_32,,1963,426
202312,December 2023,202312,,t0J75eHKxz5,Nandi County,KE_County_29,,962,480
202312,December 2023,202312,,kqJ83J2D72s,Narok County,KE_County_33,,1559,614
202312,December 2023,202312,,uepLTG8wGWJ,Nyamira County,KE_County_46,,830,160
202312,December 2023,202312,,mYZacFNIB3h,Nyandarua County,KE_County_18,,279,24
202312,December 2023,202312,,ptWVfaCIdVx,Nyeri County,KE_County_19,,173,2
202312,December 2023,202312,,o36zCRjSd4G,Samburu County,KE_County_25,,212,24
202312,December 2023,202312,,u4t9H8XyU9P,Siaya County,KE_County_41,,336,42
202312,December 2023,202312,,QyGNX2DpR4h,Taita Taveta County,KE_County_6,,73,9
202312,December 2023,202312,,JsH2bnvNt2d,Tana River County,KE_County_4,,255,30
202312,December 2023,202312,,T4urHM47nlm,Tharaka Nithi County,KE_County_13,,502,57
202312,December 2023,202312,,mThvosEflAU,Trans Nzoia County,KE_County_26,,1841,283
202312,December 2023,202312,,kphDeKClFch,Turkana County,KE_County_23,,598,186
202312,December 2023,202312,,pZqQRRW7PHP,Uasin Gishu County,KE_County_27,,1222,446
202312,December 2023,202312,,sANMZ3lpqGs,Vihiga County,KE_County_38,,229,78
202312,December 2023,202312,,CeLsrJOH0g9,Wajir County,KE_County_8,,296,25
202312,December 2023,202312,,XWALbfAPa6n,West Pokot County,KE_County_24,,1401,209
202201,January 2022,202201,,vvOK1BxTbet,Baringo County,KE_County_30,,1454,316
202201,January 2022,202201,,HMNARUV2CW4,Bomet County,KE_County_36,,577,96
202201,January 2022,202201,,KGHhQ5GLd4k,Bungoma County,KE_County_39,,4462,984
202201,January 2022,202201,,Tvf1zgVZ0K4,Busia County,KE_County_40,,494,66
202201,January 2022,202201,,MqnLxQBigG0,Elgeyo Marakwet County,KE_County_28,,1569,539
202201,January 2022,202201,,PFu8alU2KWG,Embu County,KE_County_14,,403,33
202201,January 2022,202201,,uyOrcHZBpW0,Garissa County,KE_County_7,,607,90
202201,January 2022,202201,,nK0A12Q7MvS,Homa Bay County,KE_County_43,,737,202
202201,January 2022,202201,,bzOfj0iwfDH,Isiolo County,KE_County_11,,587,104
202201,January 2022,202201,,Hsk1YV8kHkT,Kajiado County,KE_County_34,,564,154
202201,January 2022,202201,,BjC1xL40gHo,Kakamega County,KE_County_37,,725,174
202201,January 2022,202201,,ihZsJ8alvtb,Kericho County,KE_County_35,,1930,600
202201,January 2022,202201,,qKzosKQPl6G,Kiambu County,KE_County_22,,449,62
202201,January 2022,202201,,nrI2khZx3d0,Kilifi County,KE_County_3,,12,
202201,January 2022,202201,,Ulj33KBau7V,Kirinyaga County,KE_County_20,,68,2
202201,January 2022,202201,,sPkRcDvhGWA,Kisii County,KE_County_45,,2820,617
202201,January 2022,202201,,tAbBVBbueqD,Kisumu County,KE_County_42,,623,57
202201,January 2022,202201,,j8o6iO4Njsi,Kitui County,KE_County_15,,600,194
202201,January 2022,202201,,N7YETT3A9r1,Kwale County,KE_County_2,,0,3
202201,January 2022,202201,,xuFdFy6t9AH,Laikipia County,KE_County_31,,234,50
202201,January 2022,202201,,NjWSbQTwys4,Lamu County,KE_County_5,,16,
202201,January 2022,202201,,yhCUgGcCcOo,Machakos County,KE_County_16,,354,69
202201,January 2022,202201,,BoDytkJQ4Qi,Makueni County,KE_County_17,,296,163
202201,January 2022,202201,,R6f9znhg37c,Mandera County,KE_County_9,,294,83
202201,January 2022,202201,,Eey8fT4Im3y,Marsabit County,KE_County_10,,408,216
202201,January 2022,202201,,Y52XNJ50hYb,Meru County,KE_County_12,,172,163
202201,January 2022,202201,,fVra3Pwta0Q,Migori County,KE_County_44,,1062,496
202201,January 2022,202201,,wsBsC6gjHvn,Mombasa County,KE_County_1,,128,2
202201,January 2022,202201,,ahwTMNAJvrL,Muranga County,KE_County_21,,49,13
202201,January 2022,202201,,jkG3zaihdSs,Nairobi County,KE_County_47,,1535,157
202201,January 2022,202201,,ob6SxuRcqU4,Nakuru County,KE_County_32,,2426,1422
202201,January 2022,202201,,t0J75eHKxz5,Nandi County,KE_County_29,,1393,579
202201,January 2022,202201,,kqJ83J2D72s,Narok County,KE_County_33,,1393,547
202201,January 2022,202201,,uepLTG8wGWJ,Nyamira County,KE_County_46,,710,318
202201,January 2022,202201,,mYZacFNIB3h,Nyandarua County,KE_County_18,,651,96
202201,January 2022,202201,,ptWVfaCIdVx,Nyeri County,KE_County_19,,93,22
202201,January 2022,202201,,o36zCRjSd4G,Samburu County,KE_County_25,,204,38
202201,January 2022,202201,,u4t9H8XyU9P,Siaya County,KE_County_41,,385,53
202201,January 2022,202201,,QyGNX2DpR4h,Taita Taveta County,KE_County_6,,83,10
202201,January 2022,202201,,JsH2bnvNt2d,Tana River County,KE_County_4,,212,25
202201,January 2022,202201,,T4urHM47nlm,Tharaka Nithi County,KE_County_13,,702,244
202201,January 2022,202201,,mThvosEflAU,Trans Nzoia County,KE_County_26,,2755,441
202201,January 2022,202201,,kphDeKClFch,Turkana County,KE_County_23,,878,187
202201,January 2022,202201,,pZqQRRW7PHP,Uasin Gishu County,KE_County_27,,1732,414
202201,January 2022,202201,,sANMZ3lpqGs,Vihiga County,KE_County_38,,313,70
202201,January 2022,202201,,CeLsrJOH0g9,Wajir County,KE_County_8,,296,44
202201,January 2022,202201,,XWALbfAPa6n,West Pokot County,KE_County_24,,2695,537
202202,February 2022,202202,,vvOK1BxTbet,Baringo County,KE_County_30,,1198,619
202202,February 2022,202202,,HMNARUV2CW4,Bomet County,KE_County_36,,768,54
202202,February 2022,202202,,KGHhQ5GLd4k,Bungoma County,KE_County_39,,3269,546
202202,February 2022,202202,,Tvf1zgVZ0K4,Busia County,KE_County_40,,342,51
202202,February 2022,202202,,MqnLxQBigG0,Elgeyo Marakwet County,KE_County_28,,1094,479
202202,February 2022,202202,,PFu8alU2KWG,Embu County,KE_County_14,,422,71
202202,February 2022,202202,,uyOrcHZBpW0,Garissa County,KE_County_7,,911,65
202202,February 2022,202202,,nK0A12Q7MvS,Homa Bay County,KE_County_43,,422,212
202202,February 2022,202202,,bzOfj0iwfDH,Isiolo County,KE_County_11,,425,110
202202,February 2022,202202,,Hsk1YV8kHkT,Kajiado County,KE_County_34,,588,100
202202,February 2022,202202,,BjC1xL40gHo,Kakamega County,KE_County_37,,611,136
202202,February 2022,202202,,ihZsJ8alvtb,Kericho County,KE_County_35,,1608,446
202202,February 2022,202202,,qKzosKQPl6G,Kiambu County,KE_County_22,,230,67
202202,February 2022,202202,,nrI2khZx3d0,Kilifi County,KE_County_3,,38,1
202202,February 2022,202202,,Ulj33KBau7V,Kirinyaga County,KE_County_20,,54,4
202202,February 2022,202202,,sPkRcDvhGWA,Kisii County,KE_County_45,,2034,475
202202,February 2022,202202,,tAbBVBbueqD,Kisumu County,KE_County_42,,764,61
202202,February 2022,202202,,j8o6iO4Njsi,Kitui County,KE_County_15,,601,171
202202,February 2022,202202,,N7YETT3A9r1,Kwale County,KE_County_2,,2,2
202202,February 2022,202202,,xuFdFy6t9AH,Laikipia County,KE_County_31,,153,21
202202,February 2022,202202,,NjWSbQTwys4,Lamu County,KE_County_5,,0,
202202,February 2022,202202,,yhCUgGcCcOo,Machakos County,KE_County_16,,116,69
202202,February 2022,202202,,BoDytkJQ4Qi,Makueni County,KE_County_17,,165,28
202202,February 2022,202202,,R6f9znhg37c,Mandera County,KE_County_9,,477,30
202202,February 2022,202202,,Eey8fT4Im3y,Marsabit County,KE_County_10,,277,164
202202,February 2022,202202,,Y52XNJ50hYb,Meru County,KE_County_12,,292,97
202202,February 2022,202202,,fVra3Pwta0Q,Migori County,KE_County_44,,1033,440
202202,February 2022,202202,,wsBsC6gjHvn,Mombasa County,KE_County_1,,21,1
202202,February 2022,202202,,ahwTMNAJvrL,Muranga County,KE_County_21,,675,6
202202,February 2022,202202,,jkG3zaihdSs,Nairobi County,KE_County_47,,653,189
202202,February 2022,202202,,ob6SxuRcqU4,Nakuru County,KE_County_32,,2006,525
202202,February 2022,202202,,t0J75eHKxz5,Nandi County,KE_County_29,,1454,615
202202,February 2022,202202,,kqJ83J2D72s,Narok County,KE_County_33,,1336,544
202202,February 2022,202202,,uepLTG8wGWJ,Nyamira County,KE_County_46,,404,146
202202,February 2022,202202,,mYZacFNIB3h,Nyandarua County,KE_County_18,,576,62
202202,February 2022,202202,,ptWVfaCIdVx,Nyeri County,KE_County_19,,116,4
202202,February 2022,202202,,o36zCRjSd4G,Samburu County,KE_County_25,,206,33
202202,February 2022,202202,,u4t9H8XyU9P,Siaya County,KE_County_41,,223,46
202202,February 2022,202202,,QyGNX2DpR4h,Taita Taveta County,KE_County_6,,51,10
202202,February 2022,202202,,JsH2bnvNt2d,Tana River County,KE_County_4,,120,18
202202,February 2022,202202,,T4urHM47nlm,Tharaka Nithi County,KE_County_13,,662,165
202202,February 2022,202202,,mThvosEflAU,Trans Nzoia County,KE_County_26,,2396,523
202202,February 2022,202202,,kphDeKClFch,Turkana County,KE_County_23,,735,207
202202,February 2022,202202,,pZqQRRW7PHP,Uasin Gishu County,KE_County_27,,1551,367
202202,February 2022,202202,,sANMZ3lpqGs,Vihiga County,KE_County_38,,245,82
202202,February 2022,202202,,CeLsrJOH0g9,Wajir County,KE_County_8,,311,58
202202,February 2022,202202,,XWALbfAPa6n,West Pokot County,KE_County_24,,2434,494
202203,March 2022,202203,,vvOK1BxTbet,Baringo County,KE_County_30,,1147,331
202203,March 2022,202203,,HMNARUV2CW4,Bomet County,KE_County_36,,530,101
202203,March 2022,202203,,KGHhQ5GLd4k,Bungoma County,KE_County_39,,3367,754
202203,March 2022,202203,,Tvf1zgVZ0K4,Busia County,KE_County_40,,396,71
202203,March 2022,202203,,MqnLxQBigG0,Elgeyo Marakwet County,KE_County_28,,1063,438
202203,March 2022,202203,,PFu8alU2KWG,Embu County,KE_County_14,,484,48
202203,March 2022,202203,,uyOrcHZBpW0,Garissa County,KE_County_7,,870,79
202203,March 2022,202203,,nK0A12Q7MvS,Homa Bay County,KE_County_43,,893,268
202203,March 2022,202203,,bzOfj0iwfDH,Isiolo County,KE_County_11,,391,86
202203,March 2022,202203,,Hsk1YV8kHkT,Kajiado County,KE_County_34,,607,159
202203,March 2022,202203,,BjC1xL40gHo,Kakamega County,KE_County_37,,687,146
202203,March 2022,202203,,ihZsJ8alvtb,Kericho County,KE_County_35,,1536,403
202203,March 2022,202203,,qKzosKQPl6G,Kiambu County,KE_County_22,,227,28
202203,March 2022,202203,,nrI2khZx3d0,Kilifi County,KE_County_3,,35,
202203,March 2022,202203,,Ulj33KBau7V,Kirinyaga County,KE_County_20,,69,7
202203,March 2022,202203,,sPkRcDvhGWA,Kisii County,KE_County_45,,2895,572
202203,March 2022,202203,,tAbBVBbueqD,Kisumu County,KE_County_42,,617,87
202203,March 2022,202203,,j8o6iO4Njsi,Kitui County,KE_County_15,,519,122
202203,March 2022,202203,,N7YETT3A9r1,Kwale County,KE_County_2,,0,7
202203,March 2022,202203,,xuFdFy6t9AH,Laikipia County,KE_County_31,,178,56
202203,March 2022,202203,,NjWSbQTwys4,Lamu County,KE_County_5,,3,1
202203,March 2022,202203,,yhCUgGcCcOo,Machakos County,KE_County_16,,196,147
202203,March 2022,202203,,BoDytkJQ4Qi,Makueni County,KE_County_17,,235,56
202203,March 2022,202203,,R6f9znhg37c,Mandera County,KE_County_9,,563,52
202203,March 2022,202203,,Eey8fT4Im3y,Marsabit County,KE_County_10,,424,194
202203,March 2022,202203,,Y52XNJ50hYb,Meru County,KE_County_12,,154,128
202203,March 2022,202203,,fVra3Pwta0Q,Migori County,KE_County_44,,1068,427
202203,March 2022,202203,,wsBsC6gjHvn,Mombasa County,KE_County_1,,36,
202203,March 2022,202203,,ahwTMNAJvrL,Muranga County,KE_County_21,,51,67
202203,March 2022,202203,,jkG3zaihdSs,Nairobi County,KE_County_47,,1412,230
202203,March 2022,202203,,ob6SxuRcqU4,Nakuru County,KE_County_32,,1962,533
202203,March 2022,202203,,t0J75eHKxz5,Nandi County,KE_County_29,,1420,604
202203,March 2022,202203,,kqJ83J2D72s,Narok County,KE_County_33,,2885,398
202203,March 2022,202203,,uepLTG8wGWJ,Nyamira County,KE_County_46,,438,104
202203,March 2022,202203,,mYZacFNIB3h,Nyandarua County,KE_County_18,,429,71
202203,March 2022,202203,,ptWVfaCIdVx,Nyeri County,KE_County_19,,145,7
202203,March 2022,202203,,o36zCRjSd4G,Samburu County,KE_County_25,,507,30
202203,March 2022,202203,,u4t9H8XyU9P,Siaya County,KE_County_41,,223,44
202203,March 2022,202203,,QyGNX2DpR4h,Taita Taveta County,KE_County_6,,38,28
202203,March 2022,202203,,JsH2bnvNt2d,Tana River County,KE_County_4,,164,20
202203,March 2022,202203,,T4urHM47nlm,Tharaka Nithi County,KE_County_13,,785,104
202203,March 2022,202203,,mThvosEflAU,Trans Nzoia County,KE_County_26,,2290,455
202203,March 2022,202203,,kphDeKClFch,Turkana County,KE_County_23,,611,216
202203,March 2022,202203,,pZqQRRW7PHP,Uasin Gishu County,KE_County_27,,1474,404
202203,March 2022,202203,,sANMZ3lpqGs,Vihiga County,KE_County_38,,196,58
202203,March 2022,202203,,CeLsrJOH0g9,Wajir County,KE_County_8,,343,111
202203,March 2022,202203,,XWALbfAPa6n,West Pokot County,KE_County_24,,2474,528
202204,April 2022,202204,,vvOK1BxTbet,Baringo County,KE_County_30,,867,263
202204,April 2022,202204,,HMNARUV2CW4,Bomet County,KE_County_36,,447,87
202204,April 2022,202204,,KGHhQ5GLd4k,Bungoma County,KE_County_39,,3096,672
202204,April 2022,202204,,Tvf1zgVZ0K4,Busia County,KE_County_40,,328,76
202204,April 2022,202204,,MqnLxQBigG0,Elgeyo Marakwet County,KE_County_28,,962,357
202204,April 2022,202204,,PFu8alU2KWG,Embu County,KE_County_14,,471,66
202204,April 2022,202204,,uyOrcHZBpW0,Garissa County,KE_County_7,,731,70
202204,April 2022,202204,,nK0A12Q7MvS,Homa Bay County,KE_County_43,,784,199
202204,April 2022,202204,,bzOfj0iwfDH,Isiolo County,KE_County_11,,611,155
202204,April 2022,202204,,Hsk1YV8kHkT,Kajiado County,KE_County_34,,707,152
202204,April 2022,202204,,BjC1xL40gHo,Kakamega County,KE_County_37,,662,114
202204,April 2022,202204,,ihZsJ8alvtb,Kericho County,KE_County_35,,1541,374
202204,April 2022,202204,,qKzosKQPl6G,Kiambu County,KE_County_22,,172,59
202204,April 2022,202204,,nrI2khZx3d0,Kilifi County,KE_County_3,,63,22
202204,April 2022,202204,,Ulj33KBau7V,Kirinyaga County,KE_County_20,,91,7
202204,April 2022,202204,,sPkRcDvhGWA,Kisii County,KE_County_45,,2221,501
202204,April 2022,202204,,tAbBVBbueqD,Kisumu County,KE_County_42,,670,88
202204,April 2022,202204,,j8o6iO4Njsi,Kitui County,KE_County_15,,420,121
202204,April 2022,202204,,N7YETT3A9r1,Kwale County,KE_County_2,,0,13
202204,April 2022,202204,,xuFdFy6t9AH,Laikipia County,KE_County_31,,154,9
202204,April 2022,202204,,NjWSbQTwys4,Lamu County,KE_County_5,,,
202204,April 2022,202204,,yhCUgGcCcOo,Machakos County,KE_County_16,,207,31
202204,April 2022,202204,,BoDytkJQ4Qi,Makueni County,KE_County_17,,269,69
202204,April 2022,202204,,R6f9znhg37c,Mandera County,KE_County_9,,797,71
202204,April 2022,202204,,Eey8fT4Im3y,Marsabit County,KE_County_10,,321,98
202204,April 2022,202204,,Y52XNJ50hYb,Meru County,KE_County_12,,230,167
202204,April 2022,202204,,fVra3Pwta0Q,Migori County,KE_County_44,,962,324
202204,April 2022,202204,,wsBsC6gjHvn,Mombasa County,KE_County_1,,18,1
202204,April 2022,202204,,ahwTMNAJvrL,Muranga County,KE_County_21,,56,31
202204,April 2022,202204,,jkG3zaihdSs,Nairobi County,KE_County_47,,705,290
202204,April 2022,202204,,ob6SxuRcqU4,Nakuru County,KE_County_32,,1854,332
202204,April 2022,202204,,t0J75eHKxz5,Nandi County,KE_County_29,,1118,434
202204,April 2022,202204,,kqJ83J2D72s,Narok County,KE_County_33,,1510,365
202204,April 2022,202204,,uepLTG8wGWJ,Nyamira County,KE_County_46,,400,113
202204,April 2022,202204,,mYZacFNIB3h,Nyandarua County,KE_County_18,,418,35
202204,April 2022,202204,,ptWVfaCIdVx,Nyeri County,KE_County_19,,125,7
202204,April 2022,202204,,o36zCRjSd4G,Samburu County,KE_County_25,,263,30
202204,April 2022,202204,,u4t9H8XyU9P,Siaya County,KE_County_41,,218,55
202204,April 2022,202204,,QyGNX2DpR4h,Taita Taveta County,KE_County_6,,51,7
202204,April 2022,202204,,JsH2bnvNt2d,Tana River County,KE_County_4,,176,20
202204,April 2022,202204,,T4urHM47nlm,Tharaka Nithi County,KE_County_13,,323,86
202204,April 2022,202204,,mThvosEflAU,Trans Nzoia County,KE_County_26,,1823,607
202204,April 2022,202204,,kphDeKClFch,Turkana County,KE_County_23,,573,183
202204,April 2022,202204,,pZqQRRW7PHP,Uasin Gishu County,KE_County_27,,1400,290
202204,April 2022,202204,,sANMZ3lpqGs,Vihiga County,KE_County_38,,244,42
202204,April 2022,202204,,CeLsrJOH0g9,Wajir County,KE_County_8,,266,37
202204,April 2022,202204,,XWALbfAPa6n,West Pokot County,KE_County_24,,1998,445
202205,May 2022,202205,,vvOK1BxTbet,Baringo County,KE_County_30,,901,332
202205,May 2022,202205,,HMNARUV2CW4,Bomet County,KE_County_36,,324,40
202205,May 2022,202205,,KGHhQ5GLd4k,Bungoma County,KE_County_39,,3873,635
202205,May 2022,202205,,Tvf1zgVZ0K4,Busia County,KE_County_40,,385,73
202205,May 2022,202205,,MqnLxQBigG0,Elgeyo Marakwet County,KE_County_28,,1193,402
202205,May 2022,202205,,PFu8alU2KWG,Embu County,KE_County_14,,638,128
202205,May 2022,202205,,uyOrcHZBpW0,Garissa County,KE_County_7,,390,73
202205,May 2022,202205,,nK0A12Q7MvS,Homa Bay County,KE_County_43,,1043,408
202205,May 2022,202205,,bzOfj0iwfDH,Isiolo County,KE_County_11,,495,148
202205,May 2022,202205,,Hsk1YV8kHkT,Kajiado County,KE_County_34,,727,140
202205,May 2022,202205,,BjC1xL40gHo,Kakamega County,KE_County_37,,848,263
202205,May 2022,202205,,ihZsJ8alvtb,Kericho County,KE_County_35,,1954,440
202205,May 2022,202205,,qKzosKQPl6G,Kiambu County,KE_County_22,,618,64
202205,May 2022,202205,,nrI2khZx3d0,Kilifi County,KE_County_3,,22,21
202205,May 2022,202205,,Ulj33KBau7V,Kirinyaga County,KE_County_20,,100,2
202205,May 2022,202205,,sPkRcDvhGWA,Kisii County,KE_County_45,,2836,589
202205,May 2022,202205,,tAbBVBbueqD,Kisumu County,KE_County_42,,762,124
202205,May 2022,202205,,j8o6iO4Njsi,Kitui County,KE_County_15,,497,135
202205,May 2022,202205,,N7YETT3A9r1,Kwale County,KE_County_2,,13,6
202205,May 2022,202205,,xuFdFy6t9AH,Laikipia County,KE_County_31,,7,36
202205,May 2022,202205,,NjWSbQTwys4,Lamu County,KE_County_5,,0,
202205,May 2022,202205,,yhCUgGcCcOo,Machakos County,KE_County_16,,266,54
202205,May 2022,202205,,BoDytkJQ4Qi,Makueni County,KE_County_17,,243,82
202205,May 2022,202205,,R6f9znhg37c,Mandera County,KE_County_9,,483,101
202205,May 2022,202205,,Eey8fT4Im3y,Marsabit County,KE_County_10,,481,155
202205,May 2022,202205,,Y52XNJ50hYb,Meru County,KE_County_12,,142,201
202205,May 2022,202205,,fVra3Pwta0Q,Migori County,KE_County_44,,1082,471
202205,May 2022,202205,,wsBsC6gjHvn,Mombasa County,KE_County_1,,34,3
202205,May 2022,202205,,ahwTMNAJvrL,Muranga County,KE_County_21,,55,16
202205,May 2022,202205,,jkG3zaihdSs,Nairobi County,KE_County_47,,818,206
202205,May 2022,202205,,ob6SxuRcqU4,Nakuru County,KE_County_32,,1982,587
202205,May 2022,202205,,t0J75eHKxz5,Nandi County,KE_County_29,,1259,6436
202205,May 2022,202205,,kqJ83J2D72s,Narok County,KE_County_33,,1561,490
202205,May 2022,202205,,uepLTG8wGWJ,Nyamira County,KE_County_46,,435,163
202205,May 2022,202205,,mYZacFNIB3h,Nyandarua County,KE_County_18,,473,83
202205,May 2022,202205,,ptWVfaCIdVx,Nyeri County,KE_County_19,,134,
202205,May 2022,202205,,o36zCRjSd4G,Samburu County,KE_County_25,,245,43
202205,May 2022,202205,,u4t9H8XyU9P,Siaya County,KE_County_41,,388,53
202205,May 2022,202205,,QyGNX2DpR4h,Taita Taveta County,KE_County_6,,35,5
202205,May 2022,202205,,JsH2bnvNt2d,Tana River County,KE_County_4,,85,26
202205,May 2022,202205,,T4urHM47nlm,Tharaka Nithi County,KE_County_13,,515,77
202205,May 2022,202205,,mThvosEflAU,Trans Nzoia County,KE_County_26,,2452,449
202205,May 2022,202205,,kphDeKClFch,Turkana County,KE_County_23,,672,154
202205,May 2022,202205,,pZqQRRW7PHP,Uasin Gishu County,KE_County_27,,1583,351
202205,May 2022,202205,,sANMZ3lpqGs,Vihiga County,KE_County_38,,351,46
202205,May 2022,202205,,CeLsrJOH0g9,Wajir County,KE_County_8,,600,16
202205,May 2022,202205,,XWALbfAPa6n,West Pokot County,KE_County_24,,2999,564
202206,June 2022,202206,,vvOK1BxTbet,Baringo County,KE_County_30,,1029,444
202206,June 2022,202206,,HMNARUV2CW4,Bomet County,KE_County_36,,309,43
202206,June 2022,202206,,KGHhQ5GLd4k,Bungoma County,KE_County_39,,4427,758
202206,June 2022,202206,,Tvf1zgVZ0K4,Busia County,KE_County_40,,473,96
202206,June 2022,202206,,MqnLxQBigG0,Elgeyo Marakwet County,KE_County_28,,1338,472
202206,June 2022,202206,,PFu8alU2KWG,Embu County,KE_County_14,,654,73
202206,June 2022,202206,,uyOrcHZBpW0,Garissa County,KE_County_7,,412,46
202206,June 2022,202206,,nK0A12Q7MvS,Homa Bay County,KE_County_43,,1307,239
202206,June 2022,202206,,bzOfj0iwfDH,Isiolo County,KE_County_11,,638,186
202206,June 2022,202206,,Hsk1YV8kHkT,Kajiado County,KE_County_34,,666,183
202206,June 2022,202206,,BjC1xL40gHo,Kakamega County,KE_County_37,,718,141
202206,June 2022,202206,,ihZsJ8alvtb,Kericho County,KE_County_35,,1800,589
202206,June 2022,202206,,qKzosKQPl6G,Kiambu County,KE_County_22,,154,39
202206,June 2022,202206,,nrI2khZx3d0,Kilifi County,KE_County_3,,17,2
202206,June 2022,202206,,Ulj33KBau7V,Kirinyaga County,KE_County_20,,118,6
202206,June 2022,202206,,sPkRcDvhGWA,Kisii County,KE_County_45,,3632,673
202206,June 2022,202206,,tAbBVBbueqD,Kisumu County,KE_County_42,,761,114
202206,June 2022,202206,,j8o6iO4Njsi,Kitui County,KE_County_15,,635,129
202206,June 2022,202206,,N7YETT3A9r1,Kwale County,KE_County_2,,10,10
202206,June 2022,202206,,xuFdFy6t9AH,Laikipia County,KE_County_31,,55,52
202206,June 2022,202206,,NjWSbQTwys4,Lamu County,KE_County_5,,,
202206,June 2022,202206,,yhCUgGcCcOo,Machakos County,KE_County_16,,251,88
202206,June 2022,202206,,BoDytkJQ4Qi,Makueni County,KE_County_17,,251,39
202206,June 2022,202206,,R6f9znhg37c,Mandera County,KE_County_9,,503,60
202206,June 2022,202206,,Eey8fT4Im3y,Marsabit County,KE_County_10,,480,169
202206,June 2022,202206,,Y52XNJ50hYb,Meru County,KE_County_12,,269,85
202206,June 2022,202206,,fVra3Pwta0Q,Migori County,KE_County_44,,1393,476
202206,June 2022,202206,,wsBsC6gjHvn,Mombasa County,KE_County_1,,145,6
202206,June 2022,202206,,ahwTMNAJvrL,Muranga County,KE_County_21,,53,16
202206,June 2022,202206,,jkG3zaihdSs,Nairobi County,KE_County_47,,592,242
202206,June 2022,202206,,ob6SxuRcqU4,Nakuru County,KE_County_32,,2357,678
202206,June 2022,202206,,t0J75eHKxz5,Nandi County,KE_County_29,,1240,718
202206,June 2022,202206,,kqJ83J2D72s,Narok County,KE_County_33,,1725,541
202206,June 2022,202206,,uepLTG8wGWJ,Nyamira County,KE_County_46,,483,198
202206,June 2022,202206,,mYZacFNIB3h,Nyandarua County,KE_County_18,,688,127
202206,June 2022,202206,,ptWVfaCIdVx,Nyeri County,KE_County_19,,161,11
202206,June 2022,202206,,o36zCRjSd4G,Samburu County,KE_County_25,,370,69
202206,June 2022,202206,,u4t9H8XyU9P,Siaya County,KE_County_41,,392,83
202206,June 2022,202206,,QyGNX2DpR4h,Taita Taveta County,KE_County_6,,72,27
202206,June 2022,202206,,JsH2bnvNt2d,Tana River County,KE_County_4,,179,18
202206,June 2022,202206,,T4urHM47nlm,Tharaka Nithi County,KE_County_13,,565,174
202206,June 2022,202206,,mThvosEflAU,Trans Nzoia County,KE_County_26,,2092,1051
202206,June 2022,202206,,kphDeKClFch,Turkana County,KE_County_23,,957,164
202206,June 2022,202206,,pZqQRRW7PHP,Uasin Gishu County,KE_County_27,,1882,344
202206,June 2022,202206,,sANMZ3lpqGs,Vihiga County,KE_County_38,,392,168
202206,June 2022,202206,,CeLsrJOH0g9,Wajir County,KE_County_8,,455,47
202206,June 2022,202206,,XWALbfAPa6n,West Pokot County,KE_County_24,,1740,456
202207,July 2022,202207,,vvOK1BxTbet,Baringo County,KE_County_30,,1085,376
202207,July 2022,202207,,HMNARUV2CW4,Bomet County,KE_County_36,,259,47
202207,July 2022,202207,,KGHhQ5GLd4k,Bungoma County,KE_County_39,,3777,785
202207,July 2022,202207,,Tvf1zgVZ0K4,Busia County,KE_County_40,,387,125
202207,July 2022,202207,,MqnLxQBigG0,Elgeyo Marakwet County,KE_County_28,,1596,531
202207,July 2022,202207,,PFu8alU2KWG,Embu County,KE_County_14,,603,76
202207,July 2022,202207,,uyOrcHZBpW0,Garissa County,KE_County_7,,437,33
202207,July 2022,202207,,nK0A12Q7MvS,Homa Bay County,KE_County_43,,721,250
202207,July 2022,202207,,bzOfj0iwfDH,Isiolo County,KE_County_11,,382,144
202207,July 2022,202207,,Hsk1YV8kHkT,Kajiado County,KE_County_34,,540,143
202207,July 2022,202207,,BjC1xL40gHo,Kakamega County,KE_County_37,,754,144
202207,July 2022,202207,,ihZsJ8alvtb,Kericho County,KE_County_35,,2211,568
202207,July 2022,202207,,qKzosKQPl6G,Kiambu County,KE_County_22,,260,72
202207,July 2022,202207,,nrI2khZx3d0,Kilifi County,KE_County_3,,19,6
202207,July 2022,202207,,Ulj33KBau7V,Kirinyaga County,KE_County_20,,153,2
202207,July 2022,202207,,sPkRcDvhGWA,Kisii County,KE_County_45,,2855,826
202207,July 2022,202207,,tAbBVBbueqD,Kisumu County,KE_County_42,,683,105
202207,July 2022,202207,,j8o6iO4Njsi,Kitui County,KE_County_15,,408,130
202207,July 2022,202207,,N7YETT3A9r1,Kwale County,KE_County_2,,2,10
202207,July 2022,202207,,xuFdFy6t9AH,Laikipia County,KE_County_31,,269,100
202207,July 2022,202207,,NjWSbQTwys4,Lamu County,KE_County_5,,,
202207,July 2022,202207,,yhCUgGcCcOo,Machakos County,KE_County_16,,242,91
202207,July 2022,202207,,BoDytkJQ4Qi,Makueni County,KE_County_17,,220,25
202207,July 2022,202207,,R6f9znhg37c,Mandera County,KE_County_9,,458,58
202207,July 2022,202207,,Eey8fT4Im3y,Marsabit County,KE_County_10,,481,182
202207,July 2022,202207,,Y52XNJ50hYb,Meru County,KE_County_12,,217,154
202207,July 2022,202207,,fVra3Pwta0Q,Migori County,KE_County_44,,1111,463
202207,July 2022,202207,,wsBsC6gjHvn,Mombasa County,KE_County_1,,20,1
202207,July 2022,202207,,ahwTMNAJvrL,Muranga County,KE_County_21,,65,2
202207,July 2022,202207,,jkG3zaihdSs,Nairobi County,KE_County_47,,757,69
202207,July 2022,202207,,ob6SxuRcqU4,Nakuru County,KE_County_32,,2086,471
202207,July 2022,202207,,t0J75eHKxz5,Nandi County,KE_County_29,,1450,591
202207,July 2022,202207,,kqJ83J2D72s,Narok County,KE_County_33,,2022,396
202207,July 2022,202207,,uepLTG8wGWJ,Nyamira County,KE_County_46,,741,142
202207,July 2022,202207,,mYZacFNIB3h,Nyandarua County,KE_County_18,,495,83
202207,July 2022,202207,,ptWVfaCIdVx,Nyeri County,KE_County_19,,141,4
202207,July 2022,202207,,o36zCRjSd4G,Samburu County,KE_County_25,,236,39
202207,July 2022,202207,,u4t9H8XyU9P,Siaya County,KE_County_41,,360,53
202207,July 2022,202207,,QyGNX2DpR4h,Taita Taveta County,KE_County_6,,73,12
202207,July 2022,202207,,JsH2bnvNt2d,Tana River County,KE_County_4,,194,23
202207,July 2022,202207,,T4urHM47nlm,Tharaka Nithi County,KE_County_13,,707,141
202207,July 2022,202207,,mThvosEflAU,Trans Nzoia County,KE_County_26,,1742,427
202207,July 2022,202207,,kphDeKClFch,Turkana County,KE_County_23,,888,119
202207,July 2022,202207,,pZqQRRW7PHP,Uasin Gishu County,KE_County_27,,1665,332
202207,July 2022,202207,,sANMZ3lpqGs,Vihiga County,KE_County_38,,343,55
202207,July 2022,202207,,CeLsrJOH0g9,Wajir County,KE_County_8,,301,45
202207,July 2022,202207,,XWALbfAPa6n,West Pokot County,KE_County_24,,1966,266
202208,August 2022,202208,,vvOK1BxTbet,Baringo County,KE_County_30,,966,371
202208,August 2022,202208,,HMNARUV2CW4,Bomet County,KE_County_36,,240,62
202208,August 2022,202208,,KGHhQ5GLd4k,Bungoma County,KE_County_39,,3136,759
202208,August 2022,202208,,Tvf1zgVZ0K4,Busia County,KE_County_40,,281,108
202208,August 2022,202208,,MqnLxQBigG0,Elgeyo Marakwet County,KE_County_28,,1208,417
202208,August 2022,202208,,PFu8alU2KWG,Embu County,KE_County_14,,523,61
202208,August 2022,202208,,uyOrcHZBpW0,Garissa County,KE_County_7,,557,65
202208,August 2022,202208,,nK0A12Q7MvS,Homa Bay County,KE_County_43,,662,185
202208,August 2022,202208,,bzOfj0iwfDH,Isiolo County,KE_County_11,,272,98
202208,August 2022,202208,,Hsk1YV8kHkT,Kajiado County,KE_County_34,,537,84
202208,August 2022,202208,,BjC1xL40gHo,Kakamega County,KE_County_37,,649,183
202208,August 2022,202208,,ihZsJ8alvtb,Kericho County,KE_County_35,,2106,570
202208,August 2022,202208,,qKzosKQPl6G,Kiambu County,KE_County_22,,99,56
202208,August 2022,202208,,nrI2khZx3d0,Kilifi County,KE_County_3,,12,7
202208,August 2022,202208,,Ulj33KBau7V,Kirinyaga County,KE_County_20,,110,2
202208,August 2022,202208,,sPkRcDvhGWA,Kisii County,KE_County_45,,2656,538
202208,August 2022,202208,,tAbBVBbueqD,Kisumu County,KE_County_42,,497,92
202208,August 2022,202208,,j8o6iO4Njsi,Kitui County,KE_County_15,,423,53
202208,August 2022,202208,,N7YETT3A9r1,Kwale County,KE_County_2,,8,4
202208,August 2022,202208,,xuFdFy6t9AH,Laikipia County,KE_County_31,,152,55
202208,August 2022,202208,,NjWSbQTwys4,Lamu County,KE_County_5,,1,1
202208,August 2022,202208,,yhCUgGcCcOo,Machakos County,KE_County_16,,159,60
202208,August 2022,202208,,BoDytkJQ4Qi,Makueni County,KE_County_17,,205,73
202208,August 2022,202208,,R6f9znhg37c,Mandera County,KE_County_9,,374,89
202208,August 2022,202208,,Eey8fT4Im3y,Marsabit County,KE_County_10,,377,182
202208,August 2022,202208,,Y52XNJ50hYb,Meru County,KE_County_12,,123,76
202208,August 2022,202208,,fVra3Pwta0Q,Migori County,KE_County_44,,1140,477
202208,August 2022,202208,,wsBsC6gjHvn,Mombasa County,KE_County_1,,34,4
202208,August 2022,202208,,ahwTMNAJvrL,Muranga County,KE_County_21,,95,9
202208,August 2022,202208,,jkG3zaihdSs,Nairobi County,KE_County_47,,1165,183
202208,August 2022,202208,,ob6SxuRcqU4,Nakuru County,KE_County_32,,1993,643
202208,August 2022,202208,,t0J75eHKxz5,Nandi County,KE_County_29,,877,520
202208,August 2022,202208,,kqJ83J2D72s,Narok County,KE_County_33,,1768,328
202208,August 2022,202208,,uepLTG8wGWJ,Nyamira County,KE_County_46,,724,112
202208,August 2022,202208,,mYZacFNIB3h,Nyandarua County,KE_County_18,,504,150
202208,August 2022,202208,,ptWVfaCIdVx,Nyeri County,KE_County_19,,135,1
202208,August 2022,202208,,o36zCRjSd4G,Samburu County,KE_County_25,,242,40
202208,August 2022,202208,,u4t9H8XyU9P,Siaya County,KE_County_41,,395,99
202208,August 2022,202208,,QyGNX2DpR4h,Taita Taveta County,KE_County_6,,63,8
202208,August 2022,202208,,JsH2bnvNt2d,Tana River County,KE_County_4,,108,26
202208,August 2022,202208,,T4urHM47nlm,Tharaka Nithi County,KE_County_13,,335,122
202208,August 2022,202208,,mThvosEflAU,Trans Nzoia County,KE_County_26,,1392,302
202208,August 2022,202208,,kphDeKClFch,Turkana County,KE_County_23,,859,135
202208,August 2022,202208,,pZqQRRW7PHP,Uasin Gishu County,KE_County_27,,1321,353
202208,August 2022,202208,,sANMZ3lpqGs,Vihiga County,KE_County_38,,265,68
202208,August 2022,202208,,CeLsrJOH0g9,Wajir County,KE_County_8,,378,45
202208,August 2022,202208,,XWALbfAPa6n,West Pokot County,KE_County_24,,1775,357
202209,September 2022,202209,,vvOK1BxTbet,Baringo County,KE_County_30,,1331,330
202209,September 2022,202209,,HMNARUV2CW4,Bomet County,KE_County_36,,240,58
202209,September 2022,202209,,KGHhQ5GLd4k,Bungoma County,KE_County_39,,3246,719
202209,September 2022,202209,,Tvf1zgVZ0K4,Busia County,KE_County_40,,390,59
202209,September 2022,202209,,MqnLxQBigG0,Elgeyo Marakwet County,KE_County_28,,1228,484
202209,September 2022,202209,,PFu8alU2KWG,Embu County,KE_County_14,,425,39
202209,September 2022,202209,,uyOrcHZBpW0,Garissa County,KE_County_7,,427,61
202209,September 2022,202209,,nK0A12Q7MvS,Homa Bay County,KE_County_43,,562,181
202209,September 2022,202209,,bzOfj0iwfDH,Isiolo County,KE_County_11,,250,88
202209,September 2022,202209,,Hsk1YV8kHkT,Kajiado County,KE_County_34,,802,172
202209,September 2022,202209,,BjC1xL40gHo,Kakamega County,KE_County_37,,706,182
202209,September 2022,202209,,ihZsJ8alvtb,Kericho County,KE_County_35,,2368,560
202209,September 2022,202209,,qKzosKQPl6G,Kiambu County,KE_County_22,,296,103
202209,September 2022,202209,,nrI2khZx3d0,Kilifi County,KE_County_3,,102,17
202209,September 2022,202209,,Ulj33KBau7V,Kirinyaga County,KE_County_20,,100,2
202209,September 2022,202209,,sPkRcDvhGWA,Kisii County,KE_County_45,,3533,580
202209,September 2022,202209,,tAbBVBbueqD,Kisumu County,KE_County_42,,489,100
202209,September 2022,202209,,j8o6iO4Njsi,Kitui County,KE_County_15,,259,58
202209,September 2022,202209,,N7YETT3A9r1,Kwale County,KE_County_2,,0,3
202209,September 2022,202209,,xuFdFy6t9AH,Laikipia County,KE_County_31,,188,42
202209,September 2022,202209,,NjWSbQTwys4,Lamu County,KE_County_5,,4,4
202209,September 2022,202209,,yhCUgGcCcOo,Machakos County,KE_County_16,,160,55
202209,September 2022,202209,,BoDytkJQ4Qi,Makueni County,KE_County_17,,112,67
202209,September 2022,202209,,R6f9znhg37c,Mandera County,KE_County_9,,336,107
202209,September 2022,202209,,Eey8fT4Im3y,Marsabit County,KE_County_10,,304,190
202209,September 2022,202209,,Y52XNJ50hYb,Meru County,KE_County_12,,152,59
202209,September 2022,202209,,fVra3Pwta0Q,Migori County,KE_County_44,,1179,304
202209,September 2022,202209,,wsBsC6gjHvn,Mombasa County,KE_County_1,,26,2
202209,September 2022,202209,,ahwTMNAJvrL,Muranga County,KE_County_21,,41,46
202209,September 2022,202209,,jkG3zaihdSs,Nairobi County,KE_County_47,,767,125
202209,September 2022,202209,,ob6SxuRcqU4,Nakuru County,KE_County_32,,1962,385
202209,September 2022,202209,,t0J75eHKxz5,Nandi County,KE_County_29,,808,472
202209,September 2022,202209,,kqJ83J2D72s,Narok County,KE_County_33,,1292,511
202209,September 2022,202209,,uepLTG8wGWJ,Nyamira County,KE_County_46,,638,116
202209,September 2022,202209,,mYZacFNIB3h,Nyandarua County,KE_County_18,,442,36
202209,September 2022,202209,,ptWVfaCIdVx,Nyeri County,KE_County_19,,119,10
202209,September 2022,202209,,o36zCRjSd4G,Samburu County,KE_County_25,,256,23
202209,September 2022,202209,,u4t9H8XyU9P,Siaya County,KE_County_41,,1052,62
202209,September 2022,202209,,QyGNX2DpR4h,Taita Taveta County,KE_County_6,,60,16
202209,September 2022,202209,,JsH2bnvNt2d,Tana River County,KE_County_4,,127,24
202209,September 2022,202209,,T4urHM47nlm,Tharaka Nithi County,KE_County_13,,450,83
202209,September 2022,202209,,mThvosEflAU,Trans Nzoia County,KE_County_26,,1487,703
202209,September 2022,202209,,kphDeKClFch,Turkana County,KE_County_23,,884,190
202209,September 2022,202209,,pZqQRRW7PHP,Uasin Gishu County,KE_County_27,,1377,300
202209,September 2022,202209,,sANMZ3lpqGs,Vihiga County,KE_County_38,,201,31
202209,September 2022,202209,,CeLsrJOH0g9,Wajir County,KE_County_8,,309,41
202209,September 2022,202209,,XWALbfAPa6n,West Pokot County,KE_County_24,,2232,413
202210,October 2022,202210,,vvOK1BxTbet,Baringo County,KE_County_30,,1307,405
202210,October 2022,202210,,HMNARUV2CW4,Bomet County,KE_County_36,,191,49
202210,October 2022,202210,,KGHhQ5GLd4k,Bungoma County,KE_County_39,,3456,827
202210,October 2022,202210,,Tvf1zgVZ0K4,Busia County,KE_County_40,,358,114
202210,October 2022,202210,,MqnLxQBigG0,Elgeyo Marakwet County,KE_County_28,,1548,515
202210,October 2022,202210,,PFu8alU2KWG,Embu County,KE_County_14,,337,79
202210,October 2022,202210,,uyOrcHZBpW0,Garissa County,KE_County_7,,660,45
202210,October 2022,202210,,nK0A12Q7MvS,Homa Bay County,KE_County_43,,551,212
202210,October 2022,202210,,bzOfj0iwfDH,Isiolo County,KE_County_11,,374,104
202210,October 2022,202210,,Hsk1YV8kHkT,Kajiado County,KE_County_34,,834,186
202210,October 2022,202210,,BjC1xL40gHo,Kakamega County,KE_County_37,,832,184
202210,October 2022,202210,,ihZsJ8alvtb,Kericho County,KE_County_35,,2670,641
202210,October 2022,202210,,qKzosKQPl6G,Kiambu County,KE_County_22,,299,71
202210,October 2022,202210,,nrI2khZx3d0,Kilifi County,KE_County_3,,112,15
202210,October 2022,202210,,Ulj33KBau7V,Kirinyaga County,KE_County_20,,90,10
202210,October 2022,202210,,sPkRcDvhGWA,Kisii County,KE_County_45,,3514,712
202210,October 2022,202210,,tAbBVBbueqD,Kisumu County,KE_County_42,,756,97
202210,October 2022,202210,,j8o6iO4Njsi,Kitui County,KE_County_15,,369,90
202210,October 2022,202210,,N7YETT3A9r1,Kwale County,KE_County_2,,73,5
202210,October 2022,202210,,xuFdFy6t9AH,Laikipia County,KE_County_31,,365,65
202210,October 2022,202210,,NjWSbQTwys4,Lamu County,KE_County_5,,1,6
202210,October 2022,202210,,yhCUgGcCcOo,Machakos County,KE_County_16,,116,65
202210,October 2022,202210,,BoDytkJQ4Qi,Makueni County,KE_County_17,,159,39
202210,October 2022,202210,,R6f9znhg37c,Mandera County,KE_County_9,,752,54
202210,October 2022,202210,,Eey8fT4Im3y,Marsabit County,KE_County_10,,359,173
202210,October 2022,202210,,Y52XNJ50hYb,Meru County,KE_County_12,,134,118
202210,October 2022,202210,,fVra3Pwta0Q,Migori County,KE_County_44,,1152,423
202210,October 2022,202210,,wsBsC6gjHvn,Mombasa County,KE_County_1,,40,2
202210,October 2022,202210,,ahwTMNAJvrL,Muranga County,KE_County_21,,48,22
202210,October 2022,202210,,jkG3zaihdSs,Nairobi County,KE_County_47,,1274,139
202210,October 2022,202210,,ob6SxuRcqU4,Nakuru County,KE_County_32,,2184,503
202210,October 2022,202210,,t0J75eHKxz5,Nandi County,KE_County_29,,1086,532
202210,October 2022,202210,,kqJ83J2D72s,Narok County,KE_County_33,,1881,720
202210,October 2022,202210,,uepLTG8wGWJ,Nyamira County,KE_County_46,,712,187
202210,October 2022,202210,,mYZacFNIB3h,Nyandarua County,KE_County_18,,541,78
202210,October 2022,202210,,ptWVfaCIdVx,Nyeri County,KE_County_19,,116,14
202210,October 2022,202210,,o36zCRjSd4G,Samburu County,KE_County_25,,322,56
202210,October 2022,202210,,u4t9H8XyU9P,Siaya County,KE_County_41,,313,90
202210,October 2022,202210,,QyGNX2DpR4h,Taita Taveta County,KE_County_6,,70,26
202210,October 2022,202210,,JsH2bnvNt2d,Tana River County,KE_County_4,,96,48
202210,October 2022,202210,,T4urHM47nlm,Tharaka Nithi County,KE_County_13,,496,89
202210,October 2022,202210,,mThvosEflAU,Trans Nzoia County,KE_County_26,,1851,473
202210,October 2022,202210,,kphDeKClFch,Turkana County,KE_County_23,,907,192
202210,October 2022,202210,,pZqQRRW7PHP,Uasin Gishu County,KE_County_27,,1563,412
202210,October 2022,202210,,sANMZ3lpqGs,Vihiga County,KE_County_38,,242,64
202210,October 2022,202210,,CeLsrJOH0g9,Wajir County,KE_County_8,,128,46
202210,October 2022,202210,,XWALbfAPa6n,West Pokot County,KE_County_24,,2318,456
202211,November 2022,202211,,vvOK1BxTbet,Baringo County,KE_County_30,,1375,466
202211,November 2022,202211,,HMNARUV2CW4,Bomet County,KE_County_36,,148,48
202211,November 2022,202211,,KGHhQ5GLd4k,Bungoma County,KE_County_39,,3579,860
202211,November 2022,202211,,Tvf1zgVZ0K4,Busia County,KE_County_40,,487,158
202211,November 2022,202211,,MqnLxQBigG0,Elgeyo Marakwet County,KE_County_28,,1222,532
202211,November 2022,202211,,PFu8alU2KWG,Embu County,KE_County_14,,402,55
202211,November 2022,202211,,uyOrcHZBpW0,Garissa County,KE_County_7,,457,58
202211,November 2022,202211,,nK0A12Q7MvS,Homa Bay County,KE_County_43,,1029,218
202211,November 2022,202211,,bzOfj0iwfDH,Isiolo County,KE_County_11,,492,119
202211,November 2022,202211,,Hsk1YV8kHkT,Kajiado County,KE_County_34,,758,197
202211,November 2022,202211,,BjC1xL40gHo,Kakamega County,KE_County_37,,645,100
202211,November 2022,202211,,ihZsJ8alvtb,Kericho County,KE_County_35,,2713,657
202211,November 2022,202211,,qKzosKQPl6G,Kiambu County,KE_County_22,,144,43
202211,November 2022,202211,,nrI2khZx3d0,Kilifi County,KE_County_3,,91,37
202211,November 2022,202211,,Ulj33KBau7V,Kirinyaga County,KE_County_20,,165,4
202211,November 2022,202211,,sPkRcDvhGWA,Kisii County,KE_County_45,,3793,839
202211,November 2022,202211,,tAbBVBbueqD,Kisumu County,KE_County_42,,479,116
202211,November 2022,202211,,j8o6iO4Njsi,Kitui County,KE_County_15,,326,32
202211,November 2022,202211,,N7YETT3A9r1,Kwale County,KE_County_2,,0,17
202211,November 2022,202211,,xuFdFy6t9AH,Laikipia County,KE_County_31,,177,46
202211,November 2022,202211,,NjWSbQTwys4,Lamu County,KE_County_5,,,
202211,November 2022,202211,,yhCUgGcCcOo,Machakos County,KE_County_16,,106,30
202211,November 2022,202211,,BoDytkJQ4Qi,Makueni County,KE_County_17,,211,97
202211,November 2022,202211,,R6f9znhg37c,Mandera County,KE_County_9,,257,42
202211,November 2022,202211,,Eey8fT4Im3y,Marsabit County,KE_County_10,,738,156
202211,November 2022,202211,,Y52XNJ50hYb,Meru County,KE_County_12,,105,157
202211,November 2022,202211,,fVra3Pwta0Q,Migori County,KE_County_44,,1290,505
202211,November 2022,202211,,wsBsC6gjHvn,Mombasa County,KE_County_1,,150,3
202211,November 2022,202211,,ahwTMNAJvrL,Muranga County,KE_County_21,,67,6
202211,November 2022,202211,,jkG3zaihdSs,Nairobi County,KE_County_47,,1110,78
202211,November 2022,202211,,ob6SxuRcqU4,Nakuru County,KE_County_32,,2279,478
202211,November 2022,202211,,t0J75eHKxz5,Nandi County,KE_County_29,,1252,419
202211,November 2022,202211,,kqJ83J2D72s,Narok County,KE_County_33,,1941,743
202211,November 2022,202211,,uepLTG8wGWJ,Nyamira County,KE_County_46,,661,206
202211,November 2022,202211,,mYZacFNIB3h,Nyandarua County,KE_County_18,,600,45
202211,November 2022,202211,,ptWVfaCIdVx,Nyeri County,KE_County_19,,78,12
202211,November 2022,202211,,o36zCRjSd4G,Samburu County,KE_County_25,,160,33
202211,November 2022,202211,,u4t9H8XyU9P,Siaya County,KE_County_41,,409,77
202211,November 2022,202211,,QyGNX2DpR4h,Taita Taveta County,KE_County_6,,45,12
202211,November 2022,202211,,JsH2bnvNt2d,Tana River County,KE_County_4,,100,32
202211,November 2022,202211,,T4urHM47nlm,Tharaka Nithi County,KE_County_13,,414,47
202211,November 2022,202211,,mThvosEflAU,Trans Nzoia County,KE_County_26,,1848,431
202211,November 2022,202211,,kphDeKClFch,Turkana County,KE_County_23,,897,211
202211,November 2022,202211,,pZqQRRW7PHP,Uasin Gishu County,KE_County_27,,1601,422
202211,November 2022,202211,,sANMZ3lpqGs,Vihiga County,KE_County_38,,210,29
202211,November 2022,202211,,CeLsrJOH0g9,Wajir County,KE_County_8,,311,60
202211,November 2022,202211,,XWALbfAPa6n,West Pokot County,KE_County_24,,2233,482
202212,December 2022,202212,,vvOK1BxTbet,Baringo County,KE_County_30,,1145,412
202212,December 2022,202212,,HMNARUV2CW4,Bomet County,KE_County_36,,161,41
202212,December 2022,202212,,KGHhQ5GLd4k,Bungoma County,KE_County_39,,2882,775
202212,December 2022,202212,,Tvf1zgVZ0K4,Busia County,KE_County_40,,463,62
202212,December 2022,202212,,MqnLxQBigG0,Elgeyo Marakwet County,KE_County_28,,1073,441
202212,December 2022,202212,,PFu8alU2KWG,Embu County,KE_County_14,,454,63
202212,December 2022,202212,,uyOrcHZBpW0,Garissa County,KE_County_7,,566,58
202212,December 2022,202212,,nK0A12Q7MvS,Homa Bay County,KE_County_43,,695,250
202212,December 2022,202212,,bzOfj0iwfDH,Isiolo County,KE_County_11,,314,85
202212,December 2022,202212,,Hsk1YV8kHkT,Kajiado County,KE_County_34,,702,144
202212,December 2022,202212,,BjC1xL40gHo,Kakamega County,KE_County_37,,655,118
202212,December 2022,202212,,ihZsJ8alvtb,Kericho County,KE_County_35,,2214,608
202212,December 2022,202212,,qKzosKQPl6G,Kiambu County,KE_County_22,,205,47
202212,December 2022,202212,,nrI2khZx3d0,Kilifi County,KE_County_3,,69,14
202212,December 2022,202212,,Ulj33KBau7V,Kirinyaga County,KE_County_20,,59,5
202212,December 2022,202212,,sPkRcDvhGWA,Kisii County,KE_County_45,,2726,741
202212,December 2022,202212,,tAbBVBbueqD,Kisumu County,KE_County_42,,559,127
202212,December 2022,202212,,j8o6iO4Njsi,Kitui County,KE_County_15,,375,109
202212,December 2022,202212,,N7YETT3A9r1,Kwale County,KE_County_2,,33,15
202212,December 2022,202212,,xuFdFy6t9AH,Laikipia County,KE_County_31,,80,21
202212,December 2022,202212,,NjWSbQTwys4,Lamu County,KE_County_5,,0,1
202212,December 2022,202212,,yhCUgGcCcOo,Machakos County,KE_County_16,,98,62
202212,December 2022,202212,,BoDytkJQ4Qi,Makueni County,KE_County_17,,192,32
202212,December 2022,202212,,R6f9znhg37c,Mandera County,KE_County_9,,218,32
202212,December 2022,202212,,Eey8fT4Im3y,Marsabit County,KE_County_10,,389,150
202212,December 2022,202212,,Y52XNJ50hYb,Meru County,KE_County_12,,80,60
202212,December 2022,202212,,fVra3Pwta0Q,Migori County,KE_County_44,,1189,496
202212,December 2022,202212,,wsBsC6gjHvn,Mombasa County,KE_County_1,,43,
202212,December 2022,202212,,ahwTMNAJvrL,Muranga County,KE_County_21,,61,7
202212,December 2022,202212,,jkG3zaihdSs,Nairobi County,KE_County_47,,945,119
202212,December 2022,202212,,ob6SxuRcqU4,Nakuru County,KE_County_32,,2184,426
202212,December 2022,202212,,t0J75eHKxz5,Nandi County,KE_County_29,,797,305
202212,December 2022,202212,,kqJ83J2D72s,Narok County,KE_County_33,,1696,591
202212,December 2022,202212,,uepLTG8wGWJ,Nyamira County,KE_County_46,,681,160
202212,December 2022,202212,,mYZacFNIB3h,Nyandarua County,KE_County_18,,533,51
202212,December 2022,202212,,ptWVfaCIdVx,Nyeri County,KE_County_19,,102,2
202212,December 2022,202212,,o36zCRjSd4G,Samburu County,KE_County_25,,97,34
202212,December 2022,202212,,u4t9H8XyU9P,Siaya County,KE_County_41,,392,101
202212,December 2022,202212,,QyGNX2DpR4h,Taita Taveta County,KE_County_6,,61,8
202212,December 2022,202212,,JsH2bnvNt2d,Tana River County,KE_County_4,,70,13
202212,December 2022,202212,,T4urHM47nlm,Tharaka Nithi County,KE_County_13,,464,34
202212,December 2022,202212,,mThvosEflAU,Trans Nzoia County,KE_County_26,,1811,394
202212,December 2022,202212,,kphDeKClFch,Turkana County,KE_County_23,,786,227
202212,December 2022,202212,,pZqQRRW7PHP,Uasin Gishu County,KE_County_27,,1175,346
202212,December 2022,202212,,sANMZ3lpqGs,Vihiga County,KE_County_38,,231,36
202212,December 2022,202212,,CeLsrJOH0g9,Wajir County,KE_County_8,,205,32
202212,December 2022,202212,,XWALbfAPa6n,West Pokot County,KE_County_24,,1888,400
